YEAR,REGION,STATEFIP,COUNTY,METRO,ASECWT,AGE,SEX,RACE,OCC,UHRSWORK1,EDUC,SCHLCOLL,INCWAGE,OFFTOTVAL,POVERTY
2024,33,48,0,2,1898.77,80,1,100,0,999,40,0,0,91488,23
2024,31,13,0,3,3187.62,64,2,100,800,40,111,0,161000,294060,23
2024,12,36,0,4,2597.91,17,2,100,0,999,60,1,0,55002,23
2024,21,17,17119,3,1810.53,25,2,100,0,999,111,5,30000,43201,21
2024,31,37,37001,4,11338.34,45,1,100,6600,45,71,5,55000,65000,23
2024,21,18,0,2,4448.76,54,2,100,4230,999,123,5,12000,133000,23
2024,31,11,11001,2,419.87,41,1,100,410,28,81,5,45429,45460,23
2024,33,40,0,3,3311.47,40,1,100,4710,16,111,5,45000,143953,23
2024,42,6,6007,4,2336.91,77,2,651,0,999,123,0,0,205186,23
2024,32,47,0,1,1177.87,13,1,100,0,999,1,0,99999999,126963,23
2024,22,27,27123,3,2446.3,17,2,100,4030,997,60,1,2500,71279,23
2024,33,22,0,3,1310.81,2,2,200,0,999,1,0,99999999,104000,23
2024,41,32,0,2,2216.77,23,2,100,4055,36,81,5,2960,5260,10
2024,12,42,42081,4,2464.7,49,2,100,0,999,73,5,0,36000,23
2024,41,30,0,4,393.8,16,2,100,0,999,60,1,0,88024,23
2024,41,30,0,1,276.94,56,1,100,440,40,123,0,145000,142131,23
2024,41,56,0,4,268.89,33,2,100,3255,40,111,5,50000,82125,23
2024,33,48,0,2,5932.45,27,2,200,4020,36,73,5,15000,45033,23
2024,32,47,0,4,1279.94,11,1,100,0,999,1,0,99999999,155806,23
2024,41,49,0,3,958.18,66,2,100,0,999,81,0,0,53958,23
2024,12,42,42045,3,5798.98,33,1,100,0,999,73,5,0,999999,23
2024,42,53,0,3,3209.09,28,1,100,0,999,81,5,200,68738,23
2024,21,17,0,1,2272.05,24,2,100,20,30,73,5,15000,15000,10
2024,22,29,29099,3,2206.77,16,2,100,5240,35,40,1,1500,62905,23
2024,33,48,0,3,3101.27,12,2,801,0,999,1,0,99999999,200209,23
2024,33,48,0,2,2118.67,35,2,100,4810,40,91,5,90000,90201,23
2024,31,37,37191,4,1941.63,42,2,100,7810,40,20,5,7000,37822,10
2024,12,36,36069,3,4319.7,73,1,100,0,999,73,0,0,73584,23
2024,31,13,13057,3,2293.84,38,1,100,800,50,123,5,360000,378534,23
2024,42,6,0,3,2213.73,14,1,100,0,999,1,0,99999999,86400,23
2024,31,45,0,3,1390.96,62,1,200,0,999,73,0,20000,62679,23
2024,21,17,0,1,2077.61,73,2,100,0,999,73,0,0,37980,23
2024,22,27,0,1,1797.22,36,2,100,4510,30,91,5,55000,178961,23
2024,42,6,6053,2,2238.7,9,2,100,0,999,1,0,99999999,60000,22
2024,12,36,36085,2,4791.48,63,1,651,0,999,10,0,0,27000,21
2024,31,51,51087,3,5486.67,1,1,100,0,999,1,0,99999999,32500,10
2024,33,40,0,3,2505.16,22,2,300,5400,40,92,5,30000,545014,23
2024,41,32,32003,3,915.57,51,2,100,8300,40,20,5,20000,146025,23
2024,41,30,0,1,331.79,1,1,100,0,999,1,0,99999999,191100,23
2024,11,23,0,1,1428.04,42,2,100,0,999,111,5,0,15005,10
2024,31,51,51177,3,2937.31,50,1,100,2310,40,123,5,75000,605492,23
2024,33,48,0,3,4480.33,35,1,100,0,999,81,3,0,45000,23
2024,33,48,0,1,2919.29,76,2,100,0,999,81,0,0,58794,21
2024,42,15,0,1,750.1,80,2,100,0,999,92,0,0,46541,23
2024,22,38,0,4,509.28,80,1,100,0,999,81,0,18000,49710,23
2024,42,6,6099,2,1855.91,58,2,100,4230,40,81,0,110000,113000,23
2024,41,4,4013,2,2075.3,36,1,100,110,40,111,5,174000,223904,23
2024,31,45,0,3,2209.36,46,1,200,120,40,111,5,0,50153,23
2024,42,6,6037,3,2710.92,3,1,651,0,999,1,0,99999999,177000,23
2024,33,22,22071,2,3146.46,4,1,200,0,999,1,0,99999999,2000,10
2024,32,1,1097,2,2077.61,34,2,100,310,40,92,5,45000,108400,23
2024,21,39,0,3,9140.1,60,1,100,4251,40,73,0,0,0,10
2024,33,48,0,2,2526.96,36,2,100,8740,40,91,5,27040,27040,23
2024,33,48,0,3,2275.98,27,1,100,1545,40,92,5,110000,110101,23
2024,22,38,0,4,436.21,76,2,802,0,999,81,0,0,16564,21
2024,32,47,0,1,1917.12,40,1,100,8740,55,81,5,82000,95025,23
2024,41,16,0,2,680.69,5,1,100,0,999,1,0,99999999,769854,23
2024,31,45,0,4,3007.36,54,2,100,565,40,73,5,47000,92209,23
2024,33,22,0,1,748.77,69,2,200,0,999,73,0,0,1128,10
2024,42,6,6059,3,3509.23,74,2,100,0,999,81,0,0,171839,23
2024,31,12,12069,3,3513.46,16,1,200,0,999,50,1,0,75000,23
2024,12,42,42091,3,4712.57,70,2,100,0,999,92,0,0,90381,23
2024,21,26,0,1,5080.66,30,2,100,440,40,111,5,355000,357447,23
2024,22,38,0,1,542.31,36,1,200,410,30,81,5,11000,419233,23
2024,41,49,0,3,1356.59,13,1,100,0,999,1,0,99999999,78010,23
2024,21,17,17119,3,2761.14,43,1,100,9620,40,73,5,30000,43375,21
2024,22,46,0,4,449.42,4,2,100,0,999,1,0,99999999,55003,23
2024,42,53,0,1,3853.67,70,1,100,2400,20,111,0,20000,68457,23
2024,22,20,20173,2,2939.33,20,2,100,3603,40,81,5,36000,217519,23
2024,42,6,6019,3,2493.78,14,2,100,0,999,1,0,99999999,35000,10
2024,21,39,39113,3,4182.15,61,2,100,0,999,73,0,0,11640,10
2024,31,10,10001,4,1001.11,62,2,100,0,999,73,0,0,15288,10
2024,32,1,0,3,1684.53,42,2,200,4510,997,73,5,0,168545,23
2024,21,17,0,2,4458.01,37,2,100,310,40,73,5,12000,29540,21
2024,21,18,0,3,2486.11,13,1,100,0,999,1,0,99999999,85152,23
2024,31,54,0,4,431.49,13,2,100,0,999,1,0,99999999,78955,23
2024,32,21,21111,2,1955.09,22,1,100,7750,60,40,5,38700,38700,23
2024,11,25,25017,3,3202.69,27,1,100,2545,40,111,5,33000,404180,23
2024,12,36,36081,2,2937.01,9,1,100,0,999,1,0,99999999,142510,23
2024,31,12,12011,2,2301.3,33,2,100,440,40,73,5,15600,15600,10
2024,31,11,11001,2,389.36,64,2,200,0,999,60,0,0,26550,23
2024,22,46,0,1,587.09,16,1,100,7750,40,73,1,51000,151986,23
2024,41,16,0,1,1252.6,67,1,100,4220,4,123,0,3900,52802,23
2024,22,31,31055,2,1566.82,38,2,100,860,40,111,5,79000,83000,23
2024,12,36,36005,2,4937.29,42,2,100,0,999,81,5,0,6960,10
2024,11,25,25009,3,1311.35,35,2,100,5730,30,81,5,44400,86400,23
2024,33,22,0,3,939.58,68,2,200,0,999,60,0,0,33382,23
2024,42,6,0,3,1660.81,7,2,100,0,999,1,0,99999999,79000,23
2024,42,6,6001,2,1521.04,72,1,100,0,999,81,0,0,57190,23
2024,33,40,0,3,1165.25,66,2,300,3255,999,111,0,32000,64581,23
2024,42,15,0,1,518.27,7,2,652,0,999,1,0,99999999,33000,22
2024,31,12,0,3,2830.16,58,1,100,850,997,124,0,5000,176814,23
2024,11,44,0,2,1595.53,32,1,200,2004,38,123,3,230000,230140,23
2024,42,6,6059,2,4421.01,61,2,100,0,999,92,0,0,530204,23
2024,21,39,0,1,1789.39,35,1,651,2640,997,111,5,49000,341282,23
2024,31,13,0,1,2176.55,53,2,200,3110,999,123,5,0,79000,23
2024,41,32,0,2,2249.17,59,1,100,2320,45,123,0,105000,314985,23
2024,41,16,0,4,864.72,15,2,100,4600,15,60,0,10000,186858,23
2024,41,4,4013,2,5394.68,7,2,100,0,999,1,0,99999999,0,10
2024,31,12,12099,3,2389.08,31,2,100,4230,997,111,5,500,34500,10
2024,31,54,0,4,499.84,63,2,651,0,999,73,0,0,14699,10
2024,22,20,0,1,2011.03,65,1,100,0,999,73,0,0,68270,23
2024,31,45,45091,4,1977.61,39,1,200,52,40,123,5,95000,175455,23
2024,31,10,10003,4,447.37,30,2,100,0,999,10,5,0,59050,23
2024,11,23,23001,4,1594.26,57,2,100,5400,40,111,0,24000,86500,23
2024,41,35,0,1,619.09,53,1,100,1720,40,123,5,120000,219651,23
2024,41,35,0,1,657.45,3,1,100,0,999,1,0,99999999,44200,21
2024,31,54,54039,4,583.78,16,1,100,0,999,40,1,0,66562,22
2024,31,37,37119,2,1938.11,49,2,100,0,999,81,5,0,75003,23
2024,42,15,0,1,726.99,25,2,804,5120,30,73,5,17019,70367,23
2024,33,40,0,3,1219.81,39,2,100,2025,40,73,5,33200,40400,23
2024,21,18,0,1,1386.16,4,2,100,0,999,1,0,99999999,280576,23
2024,12,36,36047,2,2612.31,12,2,651,0,999,1,0,99999999,31220,21
2024,21,39,39095,2,3816.34,85,2,100,4000,999,81,0,17000,40448,23
2024,12,42,42091,3,3217.21,17,2,100,4720,999,60,1,0,204022,23
2024,11,44,0,2,567.18,47,2,100,440,42,111,5,40800,120882,23
2024,21,39,0,1,2418.41,5,2,100,0,999,1,0,99999999,148120,23
2024,22,20,0,1,1139.4,9,1,100,0,999,1,0,99999999,274007,23
2024,12,34,34031,3,2682.82,50,2,100,4230,60,81,5,110000,160800,23
2024,21,55,0,3,1564.18,12,2,100,0,999,1,0,99999999,194214,23
2024,31,11,11001,2,181.73,42,1,100,0,999,10,5,0,22200,10
2024,42,6,6075,2,5853.09,53,1,100,4140,30,50,5,28000,55000,23
2024,31,45,45051,4,2471.77,76,1,100,0,999,111,0,0,66661,23
2024,12,42,42107,1,5194.3,56,2,100,0,999,73,0,0,71995,23
2024,21,18,0,4,2677.71,48,2,100,4220,25,73,5,0,22020,21
2024,22,20,20091,2,1916.92,30,1,200,1108,40,111,5,81000,84300,23
2024,33,40,0,3,2736.85,35,2,100,310,40,111,5,80000,179296,23
2024,31,13,13117,3,2866.19,53,1,100,1460,40,111,5,190000,225357,23
2024,12,36,36061,2,2697.28,10,2,100,0,999,1,0,99999999,521659,23
2024,33,5,0,3,796.48,38,1,100,9620,40,73,5,28000,95000,23
2024,31,51,51041,3,2231.38,74,2,200,0,999,111,0,0,305199,23
2024,42,15,15003,2,431.31,66,2,652,4720,20,73,0,15000,31680,23
2024,32,28,0,3,1735.56,52,1,100,420,997,123,5,350000,353876,23
2024,11,33,0,1,1097.58,80,1,100,0,999,71,0,0,22081,23
2024,21,17,0,1,3191.33,67,1,100,0,999,111,0,0,54854,23
2024,32,47,0,2,2601.7,58,1,651,1650,40,125,0,65000,65000,23
2024,12,36,0,3,4189.25,37,2,100,2012,40,111,5,60000,172002,23
2024,41,16,0,3,487.06,5,2,100,0,999,1,0,99999999,70001,23
2024,31,13,0,3,3670.57,3,1,100,0,999,1,0,99999999,221003,23
2024,22,46,0,1,570.06,10,1,100,0,999,1,0,99999999,68092,23
2024,32,28,0,2,1619.56,31,2,200,4700,35,73,5,0,43010,21
2024,41,4,4013,3,4533.09,57,2,100,0,999,81,0,0,190151,23
2024,31,45,0,3,1376.13,13,2,100,0,999,1,0,99999999,287505,23
2024,12,36,36085,2,4083.97,73,2,100,0,999,73,0,0,31996,23
2024,33,48,0,3,2383.16,21,1,100,7330,999,73,5,15000,85000,23
2024,41,16,0,4,834.95,38,2,300,2545,26,73,5,20280,100747,23
2024,31,51,0,1,1843.26,41,2,100,0,999,73,5,0,31000,10
2024,41,30,0,1,599.84,71,2,100,0,999,91,0,0,76494,23
2024,41,49,0,3,1187.51,9,1,100,0,999,1,0,99999999,181435,23
2024,22,46,0,4,914.58,11,2,801,0,999,1,0,99999999,53552,23
2024,31,12,12086,3,3820.07,67,2,200,0,999,73,0,0,74070,23
2024,31,12,12083,4,3197.71,16,1,200,0,999,50,1,0,12988,10
2024,11,9,0,3,2075.33,53,2,651,1108,40,125,5,80000,211010,23
2024,31,37,0,1,2915.41,52,1,200,8990,40,73,5,30000,30000,23
2024,11,44,0,2,1408.75,70,1,100,710,40,111,0,0,62723,23
2024,31,24,24003,3,2266.2,22,1,100,1021,999,111,5,9000,136000,23
2024,11,25,25017,2,1295.0,15,1,200,0,999,30,0,0,82000,23
2024,41,30,0,1,395.38,23,1,300,9130,40,73,5,39000,171715,23
2024,22,27,0,3,2553.58,18,1,100,0,999,60,1,0,0,10
2024,31,11,11001,2,738.6,9,2,200,0,999,1,0,99999999,62140,23
2024,11,23,0,1,1515.96,80,1,100,0,999,60,0,0,0,10
2024,33,48,0,3,3063.99,42,2,100,0,999,123,5,0,102197,23
2024,33,48,0,1,2265.6,25,2,100,3930,80,73,5,0,50000,23
2024,41,30,0,1,290.07,53,2,100,10,997,111,5,250000,288600,23
2024,21,26,0,2,2619.91,34,2,100,4600,40,60,5,0,30259,10
2024,42,6,6073,2,2857.69,37,1,100,2320,55,123,5,75000,130100,23
2024,32,21,0,4,3223.9,18,1,200,0,999,60,5,0,92004,23
2024,42,6,6037,3,1977.68,11,2,100,0,999,1,0,99999999,332420,23
2024,22,27,0,2,4243.96,37,2,812,4110,20,73,5,35000,155215,23
2024,11,44,0,3,2087.91,2,1,200,0,999,1,0,99999999,190301,23
2024,42,6,6099,2,2519.6,40,2,100,2100,50,125,5,90000,366556,23
2024,31,12,12099,3,5599.76,38,1,100,4210,40,60,5,80000,80600,23
2024,11,9,9009,2,1916.33,45,2,100,0,999,111,5,0,45500,22
2024,33,48,0,1,4147.4,74,2,100,0,999,73,0,0,32050,23
2024,22,20,20173,2,1081.14,47,2,100,5740,40,73,5,54000,212552,23
2024,33,48,0,2,1916.98,66,1,100,0,999,20,0,0,9323,10
2024,33,40,0,0,1959.71,80,2,100,0,999,111,0,0,101040,23
2024,42,15,15003,3,606.69,60,2,651,0,999,111,0,156483,324903,23
2024,41,30,0,1,423.35,50,1,100,3545,40,91,5,60000,162052,23
2024,33,48,0,3,3154.47,24,2,651,4110,30,92,4,25222,364406,23
2024,32,1,0,1,1232.29,34,2,100,0,999,73,5,0,60000,23
2024,22,29,0,2,4023.0,73,2,100,0,999,73,0,0,35640,23
2024,32,1,0,2,2220.87,34,2,200,5510,40,92,5,33000,93007,23
2024,11,50,0,4,245.43,13,2,100,0,999,1,0,99999999,155148,23
2024,31,12,12009,2,4349.56,76,1,100,0,999,123,0,0,55246,23
2024,42,15,15003,2,470.47,32,2,651,3255,30,111,5,60000,122675,23
2024,32,1,0,1,1199.99,47,2,100,5000,40,111,5,64000,125216,23
2024,41,32,32003,2,2433.2,26,1,100,1360,40,111,5,40000,448403,23
2024,42,41,41017,4,4003.73,0,2,100,0,999,1,0,99999999,36000,23
2024,31,45,0,1,2877.24,17,2,100,4110,16,60,1,5000,138513,23
2024,41,56,0,4,181.7,60,2,100,7700,40,73,0,83000,118595,23
2024,12,36,0,1,4692.87,67,2,100,0,999,81,0,0,46082,23
2024,33,48,0,3,2278.45,50,1,100,6200,40,73,5,63000,63000,23
2024,11,44,0,3,1609.18,24,2,100,0,999,92,5,0,87690,23
2024,32,21,0,3,4213.08,26,1,100,1010,40,91,5,65000,65260,23
2024,22,27,0,4,3396.48,79,2,100,0,999,92,0,0,49056,23
2024,22,29,0,4,2267.25,38,2,100,5000,40,81,5,38000,41010,22
2024,21,55,0,1,2915.86,43,1,100,5110,40,91,5,35000,35101,23
2024,31,12,0,3,2342.8,45,2,100,0,999,92,5,0,101000,23
2024,21,55,0,1,3172.45,60,2,100,5240,40,92,0,58000,68401,23
2024,32,1,1097,2,1685.4,21,1,805,4220,999,73,5,0,40527,22
2024,21,26,26163,3,4188.9,61,2,100,0,999,92,0,24192,113195,23
2024,42,6,6001,3,2496.77,14,1,100,0,999,1,0,99999999,170000,23
2024,42,41,41039,2,1354.51,41,1,100,3090,60,124,5,450000,467051,23
2024,11,50,0,1,626.7,38,1,100,565,40,111,5,87000,135551,23
2024,42,53,0,2,4249.31,32,1,100,1430,40,111,5,100000,116100,23
2024,42,6,0,3,2841.05,3,2,100,0,999,1,0,99999999,43030,23
2024,11,50,0,1,259.1,12,1,100,0,999,1,0,99999999,101402,23
2024,41,32,0,2,1300.13,61,1,100,0,999,71,0,0,26400,22
2024,31,12,12086,3,2100.07,61,1,100,960,50,111,0,98000,189036,23
2024,31,12,12069,3,4640.49,64,1,100,0,999,73,0,3000,15320,10
2024,12,42,42101,2,2937.65,58,1,200,0,999,60,0,0,0,10
2024,41,49,0,3,2509.15,24,1,100,7210,40,73,5,11000,11000,10
2024,42,6,6073,3,1563.1,62,2,100,0,999,73,0,0,140001,23
2024,42,15,15003,3,433.91,44,1,651,8600,40,91,5,150000,210930,23
2024,12,36,36047,2,3677.98,78,1,100,4720,20,73,0,11000,133779,23
2024,41,16,0,1,1028.29,20,2,100,0,999,73,5,0,10,10
2024,33,48,0,3,2651.99,5,1,100,0,999,1,0,99999999,80500,23
2024,12,36,36047,2,5427.36,11,1,200,0,999,1,0,99999999,76000,23
2024,32,1,0,1,1328.66,11,1,100,0,999,1,0,99999999,30000,10
2024,41,30,0,1,508.63,58,2,100,2060,997,123,0,30000,82127,23
2024,42,6,0,2,2206.31,41,2,100,0,999,111,5,0,90000,23
2024,21,18,18089,4,2360.98,16,1,100,0,999,40,1,0,135153,23
2024,42,2,0,2,333.28,39,2,651,3255,36,111,5,135000,252082,23
2024,11,33,0,1,587.78,38,1,100,565,40,81,5,80000,285910,23
2024,42,53,53033,2,2679.59,37,1,651,1021,40,123,5,180000,300305,23
2024,42,53,53033,2,2410.49,49,1,100,1021,45,81,5,100000,107369,23
2024,32,1,0,3,1335.58,2,2,100,0,999,1,0,99999999,50000,22
2024,11,25,0,0,1629.44,44,1,100,0,999,73,5,0,204212,23
2024,41,35,0,1,791.03,72,2,100,0,999,20,0,0,37776,23
2024,31,11,11001,2,389.15,66,2,200,0,999,125,0,0,33199,23
2024,31,37,0,3,2996.71,24,2,100,4030,40,73,5,0,0,10
2024,33,48,48181,4,3475.12,77,2,100,0,999,81,0,0,57683,23
2024,41,16,0,4,1424.31,22,2,100,0,999,81,3,25000,51035,23
2024,22,38,0,1,330.92,4,2,100,0,999,1,0,99999999,155010,23
2024,22,38,0,1,377.06,63,2,100,0,999,111,0,25000,195890,23
2024,22,29,0,3,3401.97,14,1,100,0,999,1,0,99999999,162000,23
2024,22,31,0,1,1172.98,78,2,100,0,999,125,0,0,197359,23
2024,31,37,0,1,2564.37,66,2,200,4600,32,73,0,10875,15875,10
2024,42,6,6037,2,2210.9,62,2,100,845,40,111,0,54900,261416,23
2024,33,5,0,3,1577.05,3,1,100,0,999,1,0,99999999,29000,10
2024,12,42,42011,4,2705.39,45,2,100,3255,40,92,5,110000,206053,23
2024,22,31,0,1,867.79,48,1,100,4700,997,73,5,130000,291823,23
2024,31,51,51179,3,4302.19,35,1,100,2634,40,111,5,60000,60010,23
2024,21,17,0,3,2730.09,12,1,200,0,999,1,0,99999999,182100,23
2024,33,48,0,2,2711.57,42,2,100,710,40,123,5,111520,123262,23
2024,31,45,0,2,2271.11,47,2,200,0,999,73,5,0,1401,10
2024,21,39,0,1,3388.01,71,2,100,0,999,81,0,9000,52168,23
2024,42,15,15003,3,528.03,31,1,813,6355,40,91,5,52000,121188,23
2024,21,26,0,1,4075.44,66,2,100,4720,20,73,0,13000,90985,23
2024,11,23,0,1,2077.42,62,2,100,0,999,73,0,0,40051,23
2024,22,29,0,1,1604.48,43,2,100,3645,40,92,5,30500,132011,23
2024,41,56,0,4,437.32,23,1,100,4140,35,73,5,55000,157635,23
2024,31,13,0,3,2655.34,50,1,100,1010,40,111,5,70000,70000,23
2024,31,11,11001,2,403.78,35,2,100,705,40,123,5,90000,190200,23
2024,41,49,0,2,1865.2,4,2,100,0,999,1,0,99999999,70000,23
2024,41,56,0,4,175.91,8,1,100,0,999,1,0,99999999,46220,22
2024,21,17,0,3,4214.4,61,1,100,2545,35,92,0,40500,40502,23
2024,32,28,0,1,1098.24,28,1,200,8990,997,91,5,48000,48015,23
2024,12,36,36005,2,2915.63,77,2,200,0,999,73,0,0,27023,22
2024,12,36,36061,2,5355.87,57,2,100,2205,40,125,0,135000,138257,23
2024,21,39,0,3,3031.91,33,2,100,4800,40,111,5,125000,496000,23
2024,32,47,0,3,2880.53,47,1,100,0,999,73,5,0,37000,21
2024,33,48,0,2,3009.51,16,2,651,0,999,40,1,0,13990,10
2024,42,53,53057,4,2498.17,33,1,100,4020,40,73,5,30000,65000,23
2024,41,49,0,2,2336.84,21,2,100,3640,16,81,3,18000,33601,23
2024,11,33,33015,3,755.92,50,2,100,5860,40,73,5,40000,304100,23
2024,31,13,13117,3,5376.72,31,1,100,5000,40,81,5,28000,99296,23
2024,31,51,0,4,2129.98,49,1,100,9265,40,73,5,30000,30030,22
2024,42,41,0,3,2045.25,24,2,100,0,999,111,1,0,0,10
2024,32,28,0,1,769.42,65,2,200,0,999,123,0,0,58233,23
2024,11,25,25025,2,3602.87,27,1,100,440,35,111,5,82000,88607,23
2024,41,49,0,3,1288.23,24,1,100,140,40,73,5,90000,128680,23
2024,31,11,11001,2,480.06,41,1,100,4420,40,73,5,40000,40003,23
2024,32,47,0,2,2491.26,13,2,100,0,999,1,0,99999999,174614,23
2024,11,25,25009,3,1931.05,60,1,200,9141,45,111,0,60000,395850,23
2024,42,53,0,2,2498.24,26,1,100,5240,30,73,5,35000,36005,23
2024,42,2,0,3,296.77,40,2,651,3090,40,125,5,0,101611,23
2024,42,6,0,3,1842.75,48,2,100,10,48,73,5,0,5001,10
2024,22,19,0,4,1954.0,32,2,651,4220,40,73,5,51000,128919,23
2024,31,51,0,1,2455.54,35,1,100,4622,50,123,5,78000,123358,23
2024,42,53,53033,2,1959.59,78,1,100,0,999,125,0,0,202459,23
2024,21,18,18089,4,3418.38,15,2,100,0,999,30,0,0,272086,23
2024,21,18,18141,2,2116.72,60,1,100,0,999,81,0,0,50253,23
2024,42,6,6037,3,4466.86,0,1,651,0,999,1,0,99999999,117023,23
2024,31,12,12099,3,2361.02,43,1,100,1021,40,111,5,160000,176266,23
2024,21,55,0,1,2334.38,39,2,100,2310,20,111,5,24000,491600,23
2024,42,6,0,3,1857.57,51,1,801,310,40,73,5,75000,100672,23
2024,11,23,23001,4,1392.88,66,2,100,0,999,73,0,0,232178,23
2024,32,1,0,1,1199.99,42,1,100,7750,40,73,5,55000,125216,23
2024,41,16,0,4,1057.28,68,1,100,0,999,73,0,0,122962,23
2024,12,36,0,4,2726.48,15,2,100,0,999,73,0,0,25600,10
2024,32,1,1097,2,1191.71,71,1,200,0,999,123,0,0,249913,23
2024,12,36,0,4,5118.6,54,1,100,7420,40,92,5,72000,72004,23
2024,12,42,42101,2,4327.46,41,1,200,3421,40,81,5,44000,103070,23
2024,11,25,25027,3,1507.02,51,2,100,2910,999,111,5,2500,233547,23
2024,33,48,0,3,3951.36,19,2,200,0,999,73,3,0,25000,21
2024,42,6,6037,2,2269.13,27,1,100,4920,40,111,5,30000,30750,23
2024,41,35,0,1,1163.18,65,1,100,2600,60,73,0,0,45579,23
2024,33,48,0,2,2626.48,31,2,100,8990,30,20,5,14000,14001,10
2024,42,41,0,1,1685.56,13,1,100,0,999,1,0,99999999,317078,23
2024,22,46,0,1,754.61,20,1,100,7330,42,73,5,0,0,10
2024,22,31,0,3,981.11,34,1,100,8990,40,92,5,80000,138000,23
2024,32,1,0,1,1230.86,68,2,200,0,999,92,0,0,56088,23
2024,42,6,6037,3,1545.11,52,1,100,2905,40,111,5,62000,62322,23
2024,22,20,20091,3,1442.04,55,1,100,4810,40,111,0,110000,221001,23
2024,33,48,0,2,2749.82,43,1,100,630,40,111,5,98000,188390,23
2024,12,42,42085,3,2213.59,54,1,100,205,40,30,5,0,612523,23
2024,41,16,0,3,984.88,26,1,100,4850,35,73,5,36000,36000,23
2024,42,2,0,1,375.23,18,2,300,0,999,60,1,0,98440,23
2024,31,12,12086,3,3650.87,1,2,100,0,999,1,0,99999999,352956,23
2024,42,6,6073,2,3152.88,43,2,200,2310,40,111,5,50000,56001,23
2024,32,28,0,3,966.76,69,1,200,0,999,81,0,0,18779,22
2024,33,22,22051,3,1537.41,74,2,100,0,999,81,0,0,146022,23
2024,33,48,48485,4,2101.87,58,2,100,5810,40,73,0,30000,85587,23
2024,21,18,0,2,2855.14,27,1,805,4760,28,73,5,25000,25000,23
2024,33,48,0,2,2417.1,53,1,200,8830,997,92,5,46900,207925,23
2024,31,45,45051,4,1478.85,44,2,100,5250,38,91,5,44000,53408,23
2024,33,48,0,2,1948.4,61,2,100,440,30,81,0,0,30000,23
2024,22,29,29189,3,3080.07,19,1,200,4230,37,73,5,17000,45000,21
2024,22,20,0,4,1398.99,40,2,100,3603,36,92,5,27000,99032,23
2024,22,31,0,1,1163.76,85,2,100,0,999,73,0,0,15194,21
2024,33,22,22033,3,1384.12,67,2,100,4230,997,73,0,0,7440,10
2024,21,39,0,3,3138.43,31,2,100,3150,40,123,5,70000,172267,23
2024,42,6,6067,3,2614.33,4,2,100,0,999,1,0,99999999,68001,23
2024,21,18,0,1,1925.66,12,1,100,0,999,1,0,99999999,70000,23
2024,22,38,0,1,201.14,10,1,100,0,999,1,0,99999999,36000,21
2024,22,31,0,1,1075.47,10,1,100,0,999,1,0,99999999,82451,23
2024,21,26,26099,3,4013.04,57,2,100,3602,37,91,0,31393,46493,23
2024,42,53,0,1,3977.58,75,2,100,0,999,73,0,0,125659,23
2024,42,6,6061,3,3009.08,59,2,200,0,999,73,0,0,9924,10
2024,31,45,0,1,2096.34,67,1,200,0,999,50,0,0,43654,22
2024,11,25,25021,3,2823.68,58,2,100,2310,30,111,0,56500,144145,23
2024,42,6,6061,3,2992.41,39,1,100,51,40,123,5,125000,200923,23
2024,21,39,0,3,1993.96,14,2,100,0,999,1,0,99999999,195299,23
2024,42,15,0,4,515.71,61,2,806,2545,40,73,0,25000,82001,23
2024,41,8,0,1,2116.38,35,2,100,850,39,92,5,74000,219310,23
2024,11,33,33011,2,799.49,80,2,100,0,999,81,0,0,95894,23
2024,21,55,0,1,2506.88,26,2,100,5630,50,73,5,50000,50200,23
2024,31,24,24031,3,3355.88,11,2,100,0,999,1,0,99999999,224111,23
2024,32,1,0,1,2218.72,58,1,100,8365,40,73,0,28160,140225,23
2024,12,36,36103,3,6337.08,26,1,100,850,40,123,5,75000,490473,23
2024,42,53,53033,2,1631.39,12,2,100,0,999,1,0,99999999,244123,23
2024,31,12,12099,3,4216.27,37,2,200,3255,40,111,5,45000,125313,23
2024,41,4,4013,3,2602.87,19,2,100,4760,20,73,5,55000,198000,23
2024,22,31,0,4,730.08,11,1,100,0,999,1,0,99999999,142350,23
2024,41,30,0,4,406.2,15,1,100,0,999,50,0,0,75000,23
2024,21,39,0,3,3752.3,65,2,100,0,999,73,0,0,86866,23
2024,31,13,0,3,4555.08,46,2,100,4110,35,73,5,28000,416675,23
2024,22,19,19113,4,1322.4,45,1,100,20,40,81,5,57000,118010,23
2024,42,15,0,1,1169.11,54,1,100,6050,40,71,5,0,20000,22
2024,11,44,0,3,691.54,19,2,100,0,999,81,3,0,61282,23
2024,31,54,0,4,440.35,44,1,100,6850,40,73,5,107000,152717,23
2024,41,8,0,2,3696.5,45,2,300,0,999,111,5,0,50,10
2024,42,6,6059,3,4252.57,61,2,100,0,999,10,0,0,135199,23
2024,41,56,0,1,322.19,80,1,100,7640,997,73,0,0,67003,23
2024,11,23,0,3,1470.91,59,2,100,4200,40,73,0,48000,130801,23
2024,41,32,0,2,1959.27,75,2,100,0,999,91,0,0,28876,23
2024,12,34,34031,3,4478.36,78,1,100,0,999,81,0,0,37444,23
2024,33,40,0,2,3440.09,54,1,100,0,999,73,5,0,69429,23
2024,42,6,6037,3,4449.06,59,1,100,0,999,91,0,0,14196,10
2024,12,36,36081,2,4158.46,40,2,200,5860,40,111,5,35000,68216,23
2024,32,47,0,2,2588.38,14,2,200,0,999,1,0,99999999,44801,23
2024,31,13,0,1,2302.2,17,1,100,0,999,71,1,0,182131,23
2024,32,1,0,1,2155.07,63,1,100,7330,40,91,0,91000,115000,23
2024,12,36,36081,2,2894.94,57,1,100,7810,40,92,0,52000,89000,23
2024,41,56,0,1,398.24,60,1,100,0,999,92,0,0,33750,23
2024,32,1,0,3,1422.45,51,1,100,3090,40,125,5,280000,373546,23
2024,33,40,0,3,1551.79,32,2,100,2300,40,123,5,16000,33968,21
2024,31,13,0,3,3160.67,59,1,200,0,999,91,0,0,22810,22
2024,31,54,0,4,571.94,3,2,100,0,999,1,0,99999999,48947,21
2024,31,12,0,3,2949.32,23,2,100,4110,30,81,5,16000,283410,23
2024,11,9,9001,2,1243.51,75,2,100,0,999,73,0,0,92148,23
2024,33,5,0,1,1136.3,78,2,100,0,999,30,0,0,146936,23
2024,31,10,10003,4,666.21,69,1,100,0,999,81,0,0,84880,23
2024,33,48,48181,4,6435.93,0,1,802,0,999,1,0,99999999,13500,10
2024,33,48,0,2,2608.95,4,2,100,0,999,1,0,99999999,46160,22
2024,33,48,0,3,2111.63,35,2,100,630,40,111,3,32000,86200,23
2024,33,48,0,2,4631.03,57,1,100,7340,40,73,0,120000,285250,23
2024,12,36,36047,2,3682.42,13,2,100,0,999,1,0,99999999,0,10
2024,42,6,6019,2,2392.45,39,1,804,3870,40,111,5,110000,204900,23
2024,32,21,0,1,4065.98,57,1,100,7330,50,92,0,91000,191000,23
2024,41,8,0,1,5418.0,85,2,100,0,999,73,0,0,13115,10
2024,32,47,0,1,1589.52,0,1,100,0,999,1,0,99999999,348830,23
2024,22,31,31055,2,1187.89,16,2,200,0,999,40,1,0,42000,21
2024,42,6,6059,3,3532.37,76,2,100,0,999,73,0,0,132976,23
2024,21,39,0,1,1871.27,7,1,100,0,999,1,0,99999999,146000,23
2024,31,45,45091,4,2634.93,69,2,100,0,999,73,0,0,84356,23
2024,11,33,33011,2,573.15,62,2,100,7700,40,73,0,45000,119200,23
2024,21,17,0,4,3478.22,16,2,801,0,999,40,1,0,92863,23
2024,31,11,11001,2,583.62,22,2,200,4055,997,81,3,18000,805720,23
2024,33,22,22063,3,1612.66,47,2,100,2006,60,123,5,140000,420015,23
2024,41,32,32003,3,2503.25,58,2,651,7800,24,92,0,23000,43000,23
2024,42,6,0,3,1927.7,9,2,100,0,999,1,0,99999999,177300,23
2024,11,9,9001,3,1473.5,54,2,100,2330,60,123,5,121000,341876,23
2024,31,12,0,2,4308.64,72,1,100,0,999,92,0,0,43156,23
2024,42,6,6083,2,2312.99,47,2,651,4220,40,73,5,37000,73026,23
2024,33,48,0,2,5460.46,22,1,100,4500,63,73,5,0,39442,23
2024,42,53,0,2,3104.29,15,1,100,0,999,30,0,0,53976,22
2024,31,12,12101,3,2351.25,37,2,100,3255,36,111,5,75000,94000,23
2024,41,4,4013,2,1855.4,47,2,100,0,999,60,5,0,68011,23
2024,22,29,0,3,2214.52,34,2,100,5240,40,92,5,52000,259720,23
2024,31,12,12105,3,4063.08,66,2,100,0,999,91,0,0,100440,23
2024,32,28,0,1,1819.22,62,1,100,0,999,81,0,0,77230,23
2024,31,11,11001,2,235.53,29,2,100,726,40,123,5,68000,71320,23
2024,42,2,0,2,599.61,65,2,100,5400,40,73,0,45000,128050,23
2024,22,29,0,1,3465.67,60,1,100,6230,70,73,0,0,60030,23
2024,42,6,0,3,4076.5,38,2,100,4030,40,81,5,12482,253103,23
2024,42,6,0,1,2737.95,85,2,802,0,999,73,0,0,67942,23
2024,32,47,0,1,2642.29,30,1,100,4020,14,73,5,31320,40499,23
2024,22,27,27123,3,3718.95,9,1,200,0,999,1,0,99999999,41101,22
2024,21,55,0,3,4057.71,62,2,100,5400,10,111,0,8000,77028,23
2024,21,18,18081,3,3193.8,49,1,100,5510,35,81,5,0,103401,23
2024,31,37,37119,2,2158.66,38,2,100,845,40,111,5,350000,543024,23
2024,42,6,6067,3,2403.28,8,1,100,0,999,1,0,99999999,28361,10
2024,32,28,0,2,2949.44,11,2,100,0,999,1,0,99999999,89440,23
2024,33,48,0,3,3020.29,20,2,100,2350,20,81,3,8000,58200,23
2024,31,13,0,3,2855.35,14,2,100,0,999,1,0,99999999,28200,21
2024,33,48,0,3,2624.96,38,1,100,3010,40,125,5,250000,316450,23
2024,31,13,0,1,3454.09,6,2,100,0,999,1,0,99999999,93122,23
2024,42,53,0,2,1890.21,44,1,100,7210,40,92,5,72000,193362,23
2024,31,37,37119,2,3417.52,3,2,200,0,999,1,0,99999999,162300,23
2024,31,51,51087,3,3660.65,55,1,200,5510,45,81,0,114000,114235,23
2024,31,24,0,3,1929.97,67,1,200,0,999,81,0,0,134448,23
2024,12,36,0,1,5528.2,35,1,100,3330,40,92,5,78000,82000,23
2024,42,6,0,3,3792.29,63,1,100,1021,40,111,0,157000,319390,23
2024,22,19,0,2,3281.43,25,2,100,9640,20,91,5,18000,153251,23
2024,22,46,0,1,582.7,58,2,100,5120,40,73,0,45000,136468,23
2024,32,21,0,1,2831.52,66,1,100,1400,40,92,0,52000,57564,23
2024,31,51,51087,3,3381.33,6,2,651,0,999,1,0,99999999,24000,10
2024,41,32,32003,3,1908.87,51,2,200,9150,40,73,5,22000,32000,23
2024,12,34,34027,3,3108.55,2,1,100,0,999,1,0,99999999,215041,23
2024,12,42,0,3,3591.93,68,2,100,0,999,73,0,0,48970,23
2024,33,48,0,2,2773.63,11,2,651,0,999,1,0,99999999,215001,23
2024,31,10,10003,4,322.98,71,2,200,0,999,50,0,0,38327,23
2024,32,1,1097,2,2049.69,69,2,100,0,999,123,0,0,54035,23
2024,12,36,0,1,3608.71,31,2,100,4760,9,73,5,7300,26800,10
2024,21,18,0,4,4342.51,54,1,100,0,999,60,5,0,25206,21
2024,22,19,0,2,996.65,58,2,100,5610,40,124,0,34000,54400,23
2024,41,35,0,1,762.99,31,1,100,7000,50,73,5,62000,137051,23
2024,21,39,0,2,6050.81,35,2,200,5400,40,60,5,35000,35000,21
2024,11,50,0,1,272.26,13,1,100,0,999,1,0,99999999,35005,22
2024,42,41,41029,4,1032.38,6,2,100,0,999,1,0,99999999,117146,23
2024,33,22,0,3,810.1,80,1,200,0,999,73,0,0,84884,23
2024,21,17,0,3,3568.75,66,2,100,5240,40,73,0,59000,59051,23
2024,22,46,0,1,410.29,11,1,100,0,999,1,0,99999999,282000,23
2024,21,39,0,2,4852.33,17,1,200,0,999,50,1,0,67814,23
2024,33,22,0,2,1179.0,47,1,100,6410,40,73,5,145000,194451,23
2024,31,54,0,4,683.3,80,2,100,0,999,91,0,0,68289,23
2024,31,54,0,1,697.37,85,1,100,4220,20,73,0,10000,12261,10
2024,42,6,6099,3,3155.36,7,1,100,0,999,1,0,99999999,295820,23
2024,31,12,12069,3,4943.65,38,2,100,4521,40,73,5,5000,93433,23
2024,22,29,0,2,3048.59,37,2,200,4020,35,60,5,28067,64955,23
2024,33,48,48215,3,2250.08,19,2,100,0,999,50,5,0,8000,10
2024,22,19,0,1,2283.8,12,2,100,0,999,1,0,99999999,112510,23
2024,31,37,0,1,2029.89,17,2,100,4220,8,60,1,0,80719,23
2024,31,12,12069,3,2823.54,14,2,100,0,999,1,0,99999999,68752,23
2024,11,44,0,2,1700.15,3,1,300,0,999,1,0,99999999,75006,23
2024,22,29,29189,3,3490.07,19,2,200,7360,28,81,5,0,149020,23
2024,33,48,48251,3,5319.43,36,2,100,2310,60,123,4,68000,388773,23
2024,42,53,0,1,2495.95,1,2,100,0,999,1,0,99999999,34626,23
2024,22,29,0,1,2540.75,8,1,100,0,999,1,0,99999999,180220,23
2024,22,29,0,4,2528.51,3,1,100,0,999,1,0,99999999,114612,23
2024,12,42,42003,3,4983.62,27,2,100,3255,4,124,3,8000,42221,23
2024,12,42,42017,3,5427.35,57,2,100,0,999,123,0,0,320163,23
2024,42,6,6001,3,2738.92,42,2,651,4720,60,81,5,20000,80000,23
2024,21,17,0,3,3388.42,85,1,200,0,999,73,0,0,47516,23
2024,21,55,0,1,1527.91,9,2,100,0,999,1,0,99999999,236857,23
2024,33,48,0,2,2292.2,13,2,100,0,999,1,0,99999999,105280,23
2024,33,5,0,1,1133.55,16,2,100,0,999,40,1,3000,206806,23
2024,41,8,8069,3,6107.14,27,2,100,5522,40,81,5,45000,111013,23
2024,33,48,0,4,2422.52,38,1,100,5510,997,81,5,15000,35000,10
2024,31,45,0,1,1998.57,6,2,100,0,999,1,0,99999999,34001,10
2024,21,39,0,3,3264.16,32,1,100,6230,35,73,5,55000,133532,23
2024,31,12,0,3,4137.21,69,1,100,0,999,123,0,0,246323,23
2024,22,31,0,4,1928.58,31,1,100,9645,35,73,5,28000,28040,23
2024,11,33,0,1,920.31,37,2,100,7720,40,73,5,42000,106818,23
2024,42,6,6073,3,5236.02,23,2,100,4760,30,111,5,37000,777490,23
2024,31,37,0,2,3769.25,13,2,200,0,999,1,0,99999999,78050,23
2024,11,25,25009,3,2787.74,37,2,100,3255,40,111,4,50000,177200,23
2024,42,2,0,3,360.57,38,1,100,5940,40,111,5,56000,126002,23
2024,42,6,6083,3,2098.32,34,1,100,0,999,73,5,0,10800,10
2024,42,6,0,3,2082.54,26,1,100,5320,25,111,5,14000,47000,22
2024,32,21,0,3,3763.89,69,2,100,0,999,125,0,0,36301,23
2024,33,22,22033,2,1612.36,65,1,200,420,50,111,0,65000,167000,23
2024,31,13,13135,3,3999.66,80,2,100,0,999,111,0,0,90579,23
2024,22,19,0,1,3814.41,21,1,200,0,999,73,5,0,5800,10
2024,42,15,15003,3,952.48,35,2,100,0,999,125,5,0,588146,23
2024,21,18,18141,2,2968.01,25,2,200,2545,40,73,5,49600,54107,23
2024,33,48,0,2,2602.29,38,1,651,700,40,73,5,45000,139021,23
2024,21,26,26099,3,2136.16,49,2,100,440,40,123,5,158000,169807,23
2024,32,1,1081,4,1579.3,20,2,100,4760,0,92,3,0,2,10
2024,21,17,0,3,3070.59,47,2,100,5360,40,92,5,45000,173978,23
2024,32,28,0,1,791.12,73,1,200,0,999,73,0,0,23475,23
2024,21,26,26163,3,2050.25,52,2,100,5740,40,81,5,65000,149118,23
2024,21,17,0,3,2470.38,31,2,100,0,999,81,5,0,158012,23
2024,31,12,12071,3,1941.54,5,1,100,0,999,1,0,99999999,106007,23
2024,33,5,0,3,1487.73,74,1,100,0,999,111,0,0,35295,23
2024,21,18,18141,2,2116.72,60,2,100,8650,45,73,0,65000,65001,23
2024,21,17,17097,3,2159.6,54,2,100,0,999,40,5,0,85602,23
2024,41,49,49053,4,2478.43,26,1,100,4840,40,81,4,25000,45810,23
2024,31,45,0,3,1442.6,37,1,100,6355,999,81,5,0,0,10
2024,32,1,1097,2,1929.25,52,2,100,3255,997,111,5,160000,161060,23
2024,11,44,0,3,1116.4,22,2,100,0,999,81,3,31852,255052,23
2024,41,35,35001,2,782.56,36,1,100,5860,999,73,5,54747,128258,23
2024,11,9,9001,3,2414.4,44,2,100,630,50,124,5,325000,1508999,23
2024,22,27,27171,3,1358.25,13,1,801,0,999,1,0,99999999,93380,23
2024,11,9,0,3,1661.89,33,1,651,1021,40,111,5,96000,96001,23
2024,31,45,0,3,1570.07,53,2,100,6200,50,111,5,89000,404687,23
2024,32,47,0,3,4076.34,46,1,100,120,50,111,5,100000,100010,23
2024,31,10,10003,4,558.86,57,2,200,3245,35,123,0,0,226079,23
2024,21,39,0,1,3255.46,67,2,100,0,999,73,0,0,73336,23
2024,33,22,22033,2,1569.75,16,2,200,5850,997,50,1,12000,32516,22
2024,31,12,12099,2,2974.61,60,2,200,3605,40,50,0,26000,48561,23
2024,42,6,0,3,2112.25,8,1,100,0,999,1,0,99999999,182628,23
2024,31,10,10005,4,446.37,56,2,100,3620,40,73,0,51073,132778,23
2024,42,15,15003,3,449.39,78,2,651,0,999,73,0,0,50828,23
2024,33,40,0,2,1393.36,55,1,100,8140,50,50,0,70000,119600,23
2024,22,29,0,1,3401.79,59,1,100,205,60,111,0,150000,268529,23
2024,11,50,0,1,392.98,67,1,100,1640,15,123,0,0,277499,23
2024,33,22,0,1,1483.76,39,1,200,0,999,91,5,36000,80000,23
2024,42,2,0,2,288.55,54,1,100,440,50,81,5,105000,365100,23
2024,41,16,0,4,895.34,79,2,100,0,999,81,0,0,22800,23
2024,42,41,41017,4,2351.43,60,2,100,120,30,81,0,46000,50924,23
2024,42,6,6111,2,2840.61,46,2,100,4710,14,111,5,15000,739926,23
2024,33,48,0,2,7216.15,47,1,100,8990,40,73,5,40000,108400,23
2024,21,55,0,3,3538.36,69,1,100,0,999,111,0,0,213204,23
2024,31,13,0,4,2396.96,52,1,200,4465,40,91,5,55000,75000,23
2024,21,39,39095,2,2741.43,19,2,100,0,999,81,3,0,1,10
2024,41,16,0,1,1096.66,64,1,100,6442,60,91,0,80000,146052,23
2024,31,12,12086,3,3477.89,34,2,200,5550,70,73,5,85000,88000,23
2024,31,12,12095,3,3303.35,51,2,200,0,999,111,5,0,404606,23
2024,42,6,6073,3,4395.28,67,2,651,0,999,111,0,0,52400,23
2024,42,6,6037,2,1672.47,37,2,100,4435,999,91,5,0,32502,21
2024,42,6,6037,3,2810.22,34,2,200,2710,40,111,5,110000,113447,23
2024,22,31,0,1,2706.96,57,1,300,6230,999,10,0,74000,118405,23
2024,12,34,34027,3,2301.22,33,1,100,440,40,111,5,125000,215041,23
2024,32,1,0,2,1191.55,70,1,200,0,999,73,0,0,3600,10
2024,12,42,42071,4,3900.93,43,2,100,5000,35,73,5,50000,117216,23
2024,33,22,0,2,1846.6,52,1,100,0,999,111,5,120000,195458,23
2024,31,54,0,4,476.28,2,1,100,0,999,1,0,99999999,200700,23
2024,42,6,0,3,2172.22,5,2,100,0,999,1,0,99999999,152016,23
2024,42,41,41029,4,1299.99,51,2,100,0,999,81,5,0,86200,23
2024,33,40,0,3,2483.79,45,1,100,140,40,123,5,140000,147507,23
2024,42,6,0,2,2040.84,62,1,100,4210,40,10,0,45000,240000,23
2024,33,48,0,2,2642.89,59,2,100,4760,25,111,0,55000,55226,23
2024,31,11,11001,2,422.27,19,1,200,4350,27,81,4,5000,35000,10
2024,31,54,0,4,504.75,5,2,100,0,999,1,0,99999999,165635,23
2024,12,34,34013,3,4971.36,56,1,100,6230,40,73,0,70000,81040,23
2024,41,56,0,1,171.72,78,1,100,205,30,111,0,0,93823,23
2024,22,27,0,3,2512.37,21,2,100,9645,40,73,5,30000,304000,23
2024,32,28,0,3,4327.35,25,1,200,4140,40,73,5,28560,161530,23
2024,22,27,0,2,4326.14,70,2,100,0,999,111,0,0,216631,23
2024,22,46,0,4,375.52,48,1,100,7210,40,81,5,57000,101365,23
2024,12,36,36085,2,4269.23,18,2,801,0,999,81,3,0,820022,23
2024,11,25,25021,3,4151.72,16,2,100,3500,15,81,3,20500,144145,23
2024,41,30,0,1,931.43,13,1,300,0,999,1,0,99999999,215540,23
2024,33,22,0,4,920.91,34,2,100,4030,40,81,5,15000,15000,10
2024,21,18,18063,3,2968.71,72,2,100,0,999,81,0,0,60791,23
2024,31,10,10003,4,386.77,37,2,100,845,40,123,5,81000,196040,23
2024,41,49,0,2,2388.15,22,1,100,2545,5,73,3,2000,8100,10
2024,33,22,0,3,1068.31,32,2,100,630,40,73,5,46000,138001,23
2024,41,32,32003,2,853.39,76,1,100,0,999,73,0,0,25918,22
2024,12,34,34023,3,4138.2,76,2,100,0,999,111,0,0,21317,22
2024,31,10,10001,4,1053.36,22,1,200,5240,997,81,1,31000,307464,23
2024,33,48,0,2,2469.8,38,2,100,5120,40,73,5,63000,195191,23
2024,33,48,0,3,3077.84,63,2,200,4020,32,73,0,26624,26624,10
2024,21,39,0,1,2483.56,34,1,100,4750,50,73,5,120000,141620,23
2024,42,6,6037,2,3243.65,40,1,651,520,40,111,5,100000,391457,23
2024,31,54,0,1,553.86,13,2,100,0,999,1,0,99999999,51310,23
2024,42,53,0,3,5000.28,41,2,300,2011,40,111,5,55000,148704,23
2024,42,6,0,2,2360.91,17,1,651,0,999,50,1,0,499637,23
2024,21,17,0,3,2544.86,5,2,100,0,999,1,0,99999999,213577,23
2024,33,48,0,2,1817.37,62,2,100,0,999,60,0,0,11208,10
2024,42,6,6037,3,5359.77,0,2,100,0,999,1,0,99999999,235150,23
2024,33,22,22033,2,1306.6,33,2,200,4700,42,60,5,57000,114001,23
2024,12,36,36085,2,6041.49,47,1,100,6260,40,81,5,35000,74977,23
2024,33,40,0,2,1166.48,3,2,100,0,999,1,0,99999999,106100,23
2024,33,48,0,3,2761.58,23,1,100,6410,40,60,5,25000,25000,21
2024,31,51,0,4,3485.07,59,2,200,5120,997,73,0,48888,48888,23
2024,22,20,0,1,1246.98,1,1,100,0,999,1,0,99999999,54301,23
2024,12,42,42007,3,2125.31,4,1,100,0,999,1,0,99999999,960365,23
2024,21,26,26125,3,4133.54,27,1,100,5400,11,81,3,6002,356045,23
2024,42,15,15003,2,963.66,37,2,652,4720,997,73,5,30000,31000,10
2024,42,6,0,2,3737.75,11,2,100,0,999,1,0,99999999,20000,10
2024,32,21,0,3,2178.83,49,1,100,6442,40,81,5,75000,245450,23
2024,11,25,25023,3,1466.06,76,2,100,800,40,111,0,21000,81110,23
2024,42,15,15003,2,448.76,67,2,651,0,999,111,0,0,369259,23
2024,11,23,0,3,1247.79,76,2,100,0,999,73,0,0,44341,23
2024,21,18,0,1,3635.82,59,1,100,650,40,111,0,118000,208004,23
2024,41,16,0,1,1016.24,55,1,100,0,999,73,0,0,10800,10
2024,22,20,0,1,1043.41,55,1,100,9620,40,73,0,58000,91400,23
2024,42,53,53033,2,2125.74,8,1,100,0,999,1,0,99999999,312225,23
2024,33,48,0,2,2734.92,5,2,100,0,999,1,0,99999999,137603,23
2024,31,11,11001,2,379.76,54,1,100,5940,40,111,5,88000,89250,23
2024,41,8,0,2,2424.18,31,2,100,4220,25,40,5,17000,90000,23
2024,21,17,0,2,5144.85,27,2,100,800,70,123,5,100000,104002,23
2024,41,30,0,1,575.71,55,2,100,1065,40,92,0,140000,140520,23
2024,31,10,10003,4,735.73,71,1,100,0,999,73,0,0,13200,10
2024,31,54,0,4,837.98,58,2,100,2205,40,125,0,115000,409625,23
2024,31,51,51710,2,6006.86,28,1,100,1021,40,111,5,26000,28040,23
2024,31,51,0,4,4472.77,77,2,100,0,999,73,0,0,37636,23
2024,31,12,12086,2,4311.95,8,1,100,0,999,1,0,99999999,56220,23
2024,42,2,0,3,393.43,67,2,651,0,999,111,0,0,23092,23
2024,42,15,0,1,863.68,33,1,100,6050,997,111,5,80000,83100,23
2024,41,56,0,1,416.33,58,2,100,205,60,111,0,13440,124652,23
2024,31,37,37067,3,5466.32,0,1,100,0,999,1,0,99999999,150100,23
2024,31,51,51087,3,4153.99,49,1,100,1050,60,125,5,90002,234502,23
2024,32,47,0,2,3210.68,25,2,100,0,999,73,5,0,0,10
2024,11,25,25017,3,2918.22,58,1,100,230,45,123,0,110000,404180,23
2024,42,6,6037,3,2335.91,16,1,100,0,999,40,1,0,315108,23
2024,12,42,0,2,3243.68,24,2,801,0,999,73,5,0,83076,23
2024,32,47,0,3,1813.28,9,1,100,0,999,1,0,99999999,204051,23
2024,12,36,36059,3,2590.27,46,1,100,5810,40,73,5,46000,66000,22
2024,41,8,0,2,3499.66,75,2,100,0,999,73,0,0,153420,23
2024,42,6,6037,3,4299.78,39,2,100,800,50,111,5,75000,76030,23
2024,41,16,0,3,939.72,71,2,100,0,999,73,0,0,52762,23
2024,21,55,0,2,3536.8,44,1,100,9130,40,73,5,48000,48000,23
2024,22,27,0,4,1439.54,14,2,100,0,999,1,0,99999999,198925,23
2024,33,5,0,3,786.67,43,1,100,1021,40,111,5,105000,170663,23
2024,42,6,6067,2,3145.74,22,2,801,3602,32,111,5,38000,39001,23
2024,32,47,0,1,1737.63,12,2,100,0,999,1,0,99999999,43400,10
2024,41,8,8069,3,5207.11,53,1,100,110,45,111,5,104000,187741,23
2024,11,44,0,3,810.31,65,2,100,0,999,91,0,0,0,10
2024,33,48,0,1,3452.85,3,2,100,0,999,1,0,99999999,169403,23
2024,42,6,6037,3,1659.11,46,1,651,0,999,111,3,0,176107,23
2024,31,10,10003,4,466.94,45,2,651,120,40,111,5,80000,161264,23
2024,22,29,0,1,3538.49,61,1,100,0,999,111,0,0,0,10
2024,11,9,9009,3,2543.92,55,2,200,0,999,71,0,0,44939,22
2024,33,48,48181,4,3982.89,33,1,100,0,999,40,1,0,103237,23
2024,33,22,0,2,846.26,74,2,200,0,999,111,0,0,16379,21
2024,31,45,0,2,2319.77,41,2,200,4710,999,73,5,50000,78207,23
2024,42,6,6019,2,4002.72,49,1,200,4220,24,111,5,40000,80411,23
2024,11,44,0,3,554.75,13,2,100,0,999,1,0,99999999,0,10
2024,42,6,6037,2,2551.79,17,2,100,0,999,71,1,0,46002,22
2024,32,28,0,3,914.62,64,1,200,0,999,111,0,0,76532,23
2024,33,48,48139,3,3399.81,10,1,100,0,999,1,0,99999999,58000,23
2024,12,42,42071,4,4249.2,73,2,100,0,999,111,0,0,18799,22
2024,42,53,0,3,2501.98,48,2,100,6050,20,73,5,0,416513,23
2024,33,22,0,2,1574.47,18,1,200,0,999,71,1,0,125850,23
2024,42,6,6037,2,2715.76,6,1,651,0,999,1,0,99999999,15680,10
2024,41,8,0,3,3765.64,0,2,651,0,999,1,0,99999999,80000,23
2024,42,6,0,2,3982.6,0,1,100,0,999,1,0,99999999,168000,23
2024,22,19,0,4,3333.56,30,2,100,420,40,111,5,65000,65010,23
2024,41,4,0,0,1502.65,62,1,100,6442,20,30,0,0,42795,23
2024,31,37,0,1,2573.59,34,2,100,9645,25,73,5,15000,53460,23
2024,41,49,0,3,989.46,73,2,100,4710,4,91,0,4500,67803,23
2024,41,16,0,2,911.16,19,2,100,3423,997,111,5,47000,51536,23
2024,33,22,0,1,882.83,9,2,100,0,999,1,0,99999999,0,10
2024,32,28,0,1,1247.08,2,1,100,0,999,1,0,99999999,59710,23
2024,31,54,0,1,816.12,50,1,100,5550,40,73,5,58000,58014,23
2024,41,32,32003,3,2384.99,33,1,100,1360,40,111,5,83000,85400,23
2024,21,39,39113,3,2556.1,14,2,100,0,999,1,0,99999999,117016,23
2024,12,34,34013,3,4017.15,13,2,100,0,999,1,0,99999999,48002,23
2024,33,48,0,4,2819.32,28,1,100,10,55,111,5,200000,231357,23
2024,33,48,0,2,1759.77,9,2,100,0,999,1,0,99999999,54360,21
2024,41,4,4013,2,2430.66,67,1,802,230,40,123,0,89000,130650,23
2024,42,2,0,3,270.5,12,2,300,0,999,1,0,99999999,164665,23
2024,21,18,0,2,3110.91,21,1,801,0,999,60,1,0,0,10
2024,42,53,0,3,2704.02,72,1,100,0,999,111,0,0,140392,23
2024,33,48,0,1,1876.14,15,1,100,0,999,50,0,0,135021,23
2024,12,36,36059,3,2448.46,30,1,100,6410,40,111,5,55000,55000,23
2024,41,8,8013,4,1849.66,54,1,100,2545,40,81,5,40500,40502,23
2024,11,9,9005,1,1296.56,19,2,100,4600,45,73,4,24000,24175,23
2024,22,29,0,1,1841.89,14,1,100,0,999,1,0,99999999,245648,23
2024,21,18,0,1,1650.16,68,1,100,520,35,10,0,7200,50201,23
2024,22,46,0,1,1445.34,11,2,100,0,999,1,0,99999999,94017,23
2024,21,26,26099,3,4391.25,61,2,100,3000,40,125,0,0,60011,23
2024,42,6,6037,2,2613.88,76,1,651,0,999,111,0,0,4582,10
2024,32,28,0,3,741.81,42,2,100,5740,40,111,5,60000,190666,23
2024,41,32,32003,3,1107.03,49,1,100,9640,40,73,5,50002,50002,23
2024,42,6,0,3,2213.86,40,2,100,5400,40,111,5,150000,800000,23
2024,32,1,0,3,1796.56,74,2,100,800,40,111,0,65000,137737,23
2024,31,13,0,2,5744.38,67,1,100,9645,999,73,0,75000,84300,23
2024,33,40,0,3,1178.34,17,2,100,4720,15,50,1,8000,103005,23
2024,42,6,0,1,3994.01,45,2,100,0,999,73,5,0,15992,21
2024,32,47,0,4,1693.27,41,2,100,2310,40,125,5,69000,69109,23
2024,32,28,0,2,1127.25,40,2,100,726,40,111,5,45000,61053,23
2024,31,54,0,1,490.14,10,2,100,0,999,1,0,99999999,75300,23
2024,21,18,0,3,2767.93,22,2,100,0,999,81,5,20000,105000,23
2024,21,39,0,1,3125.93,71,2,100,0,999,111,0,0,180211,23
2024,22,29,0,3,2871.68,50,1,100,220,45,125,5,86000,160600,23
2024,12,36,36091,3,3824.63,9,1,100,0,999,1,0,99999999,228000,23
2024,41,4,4013,3,4071.09,65,2,100,0,999,111,0,0,162013,23
2024,22,20,0,1,1945.93,72,2,100,0,999,111,0,0,53636,23
2024,22,38,0,1,473.56,48,1,100,220,40,91,5,6000,83605,23
2024,32,1,1081,4,1384.42,32,1,100,5000,40,73,5,250000,307102,23
2024,12,42,42101,2,4530.7,85,2,100,0,999,123,0,0,49980,23
2024,31,37,37119,3,2413.32,10,2,100,0,999,1,0,99999999,115087,23
2024,42,6,6037,3,1679.67,34,2,100,3422,38,73,5,72500,112700,23
2024,21,17,0,1,3910.04,66,2,100,0,999,92,0,0,33324,23
2024,12,42,42049,3,3297.05,32,1,100,7330,40,73,5,0,0,10
2024,22,46,0,1,555.01,16,2,100,0,999,50,1,0,250192,23
2024,33,48,0,3,5303.19,60,1,100,10,40,123,0,400000,410814,23
2024,22,31,31055,3,926.09,17,2,100,4055,17,50,1,6000,176640,23
2024,21,17,0,3,2097.3,51,2,100,4700,40,111,5,226000,302459,23
2024,12,42,0,3,4060.97,15,1,100,0,999,30,0,0,122710,23
2024,31,37,0,1,4342.59,40,1,100,6305,40,73,5,55000,179698,23
2024,33,5,0,2,939.4,16,1,100,4110,8,60,1,4000,114708,23
2024,31,54,0,4,760.07,69,2,100,0,999,73,0,0,24948,23
2024,42,6,6019,3,2406.18,51,2,100,6050,999,73,5,16000,69160,23
2024,22,27,27123,3,2133.4,2,1,100,0,999,1,0,99999999,91200,23
2024,12,34,34023,3,1814.94,51,2,651,0,999,123,5,0,199301,23
2024,12,36,0,4,4404.48,55,1,100,0,999,81,0,0,42001,23
2024,22,27,0,3,1917.84,41,1,100,10,50,111,5,0,132010,23
2024,11,9,0,3,1562.93,49,1,100,9005,40,111,5,45000,75000,23
2024,41,32,32003,3,1438.58,30,1,100,1007,40,81,5,130000,130891,23
2024,22,20,0,1,1221.59,13,2,100,0,999,1,0,99999999,146001,23
2024,11,50,0,1,358.35,85,2,100,0,999,73,0,0,11436,10
2024,41,35,35001,2,715.18,43,1,100,6230,30,10,5,0,2000,10
2024,33,48,48309,3,5275.46,53,1,100,0,999,91,5,0,535163,23
2024,41,32,0,3,1291.2,18,1,100,0,999,60,1,0,25991,10
2024,21,39,39085,3,2902.01,39,1,100,7700,45,73,5,75000,96010,23
2024,11,25,25017,2,1195.67,43,2,100,845,40,92,5,45000,45000,22
2024,11,25,25009,3,2787.74,36,1,100,1021,40,111,5,240000,329411,23
2024,21,55,0,3,1479.44,50,1,100,4760,45,111,5,178000,379014,23
2024,42,6,6037,2,4274.11,42,2,100,0,999,73,5,35000,95000,23
2024,12,36,36103,3,6641.84,40,2,100,0,999,2,5,0,15155,10
2024,42,53,53033,2,2776.25,43,1,100,750,60,123,5,250000,312225,23
2024,12,42,42101,2,4490.16,17,1,200,0,999,73,3,0,56900,23
2024,12,36,36087,3,3315.86,42,1,100,4350,999,81,5,0,20400,10
2024,32,1,0,1,2667.85,36,1,100,6050,40,73,5,39000,39000,23
2024,32,1,0,1,1160.91,14,1,100,0,999,1,0,99999999,0,10
2024,11,9,0,2,4694.93,17,1,200,0,999,60,1,0,60501,23
2024,21,17,0,3,3070.59,49,1,100,1010,40,111,5,110000,173978,23
2024,12,42,0,3,2813.07,11,1,100,0,999,1,0,99999999,98000,23
2024,42,6,6059,3,2008.95,36,2,100,4621,14,111,5,0,97015,23
2024,12,42,42045,3,2830.77,46,1,100,850,70,123,5,700000,1114716,23
2024,31,13,0,3,4550.73,35,1,100,4020,38,60,5,24972,24972,21
2024,11,44,0,3,1110.3,17,2,100,0,999,60,1,0,23776,10
2024,11,25,25005,3,2337.4,80,2,100,0,999,111,0,0,101231,23
2024,22,29,0,1,4750.75,37,1,100,4055,40,73,5,36400,55888,23
2024,21,18,18089,4,2783.91,19,1,801,0,999,50,1,0,0,10
2024,11,23,0,1,1309.39,64,2,100,0,999,81,0,0,120011,23
2024,41,4,4021,3,4304.74,59,2,100,0,999,73,0,0,55002,23
2024,32,21,0,4,2613.71,46,2,100,3000,40,125,5,60000,189040,23
2024,21,17,0,3,2563.6,46,2,100,5240,50,81,5,50000,131560,23
2024,33,40,0,3,1836.18,14,2,100,0,999,1,0,99999999,72384,23
2024,31,45,0,3,1438.91,15,1,100,0,999,30,0,0,123420,23
2024,41,32,0,3,1488.93,11,1,100,0,999,1,0,99999999,7920,10
2024,12,36,36047,2,2485.42,62,2,200,0,999,73,0,0,29840,23
2024,21,26,26163,2,2218.15,77,1,200,0,999,73,0,0,40726,23
2024,12,34,34003,3,2164.42,38,1,100,6442,40,111,5,125000,221632,23
2024,41,16,0,3,1138.71,57,1,100,0,999,73,0,0,25640,22
2024,31,54,0,1,743.77,55,1,100,8620,40,81,0,56000,56000,23
2024,33,5,0,1,775.18,18,1,100,0,999,73,1,0,48007,23
2024,22,46,0,1,486.76,48,2,100,410,40,73,5,30000,30095,22
2024,33,5,0,4,826.59,13,1,200,0,999,1,0,99999999,16380,10
2024,41,49,0,0,2010.91,66,1,100,0,999,71,0,35000,222640,23
2024,12,42,42011,4,3778.11,62,1,100,8800,40,111,0,33000,110372,23
2024,42,6,6059,3,2617.01,72,1,100,0,999,81,0,0,25776,23
2024,33,22,22063,3,1753.38,30,1,100,4850,40,111,5,60000,129000,23
2024,31,11,11001,2,1153.93,40,1,200,0,999,123,5,0,199054,23
2024,31,10,10001,4,472.35,23,2,100,4110,20,73,5,15000,143304,23
2024,11,25,25027,3,2741.74,65,1,100,0,999,73,0,0,71982,23
2024,42,15,15003,3,338.81,59,1,100,0,999,92,0,0,45161,23
2024,32,28,0,3,801.43,52,2,651,0,999,81,5,0,54000,22
2024,12,42,0,3,4810.56,45,2,100,440,50,111,5,75000,77002,23
2024,12,42,42003,3,2406.97,57,2,200,440,50,111,0,0,511004,23
2024,42,15,15003,3,557.07,78,2,651,0,999,92,0,0,265855,23
2024,21,17,0,4,2439.82,48,1,100,52,40,73,5,181888,367938,23
2024,22,38,0,4,700.56,30,1,100,7210,43,91,4,69000,137650,23
2024,11,25,25025,2,3229.85,24,1,100,4010,35,111,5,24000,24007,23
2024,22,19,0,1,1457.82,9,2,100,0,999,1,0,99999999,129000,23
2024,31,13,0,3,1779.33,66,1,200,0,999,73,0,0,80088,23
2024,21,39,0,3,2717.64,60,1,802,0,999,81,0,0,84545,23
2024,31,45,0,1,1809.88,27,2,100,0,999,73,5,0,94000,23
2024,42,6,6053,3,2952.96,71,1,651,0,999,73,0,0,68400,23
2024,21,17,0,2,4683.17,72,2,200,0,999,73,0,0,76482,23
2024,33,40,0,3,2177.03,27,1,300,4020,40,73,5,20000,99000,23
2024,21,26,0,3,3054.66,54,2,300,1760,40,123,5,200000,452842,23
2024,31,37,0,3,2100.4,56,1,100,0,999,73,0,0,51,10
2024,41,56,0,1,321.82,7,1,100,0,999,1,0,99999999,62601,23
2024,33,22,0,3,1009.08,66,2,200,3255,40,91,0,47000,107000,23
2024,12,42,42003,3,2872.44,22,2,200,230,12,73,4,40000,511004,23
2024,31,37,37191,4,4383.97,74,1,100,0,999,73,0,0,5968,10
2024,11,33,33011,3,1923.88,63,1,100,4760,999,73,0,75000,135671,23
2024,22,31,0,1,566.46,8,1,100,0,999,1,0,99999999,98000,23
2024,41,35,35001,2,804.1,39,2,100,3603,35,81,5,15000,17700,21
2024,33,5,0,2,881.57,15,2,100,0,999,40,0,0,172821,23
2024,42,6,6031,4,3274.18,5,2,801,0,999,1,0,99999999,176796,23
2024,22,38,0,1,648.37,23,1,100,2545,40,73,5,30000,30010,23
2024,21,18,18141,3,2811.18,12,2,100,0,999,1,0,99999999,69278,23
2024,31,54,0,1,699.49,64,1,100,0,999,73,0,0,0,10
2024,42,6,0,2,1836.81,71,2,100,0,999,91,0,0,21130,21
2024,41,30,0,1,551.29,18,2,100,3602,35,81,5,17000,57302,22
2024,33,48,0,2,2355.45,54,2,100,4760,20,30,5,10000,10000,10
2024,41,8,0,2,2155.47,45,1,100,6260,40,30,5,50000,275105,23
2024,42,6,6073,2,3112.85,27,2,651,440,45,125,5,0,66000,23
2024,33,48,0,2,1957.34,52,2,100,4700,55,73,5,80000,90002,23
2024,32,47,0,2,3562.86,73,2,100,0,999,81,0,0,8795,10
2024,12,36,36119,3,2233.84,64,2,100,0,999,71,0,0,0,10
2024,22,19,0,3,3016.32,23,1,100,0,999,111,3,0,166987,23
2024,42,6,6081,3,3171.25,80,2,100,0,999,123,0,0,60027,23
2024,12,42,42089,4,2261.9,21,1,200,9840,999,73,5,0,39000,10
2024,31,45,45083,4,2731.21,67,1,100,3050,12,111,0,30000,123793,23
2024,31,11,11001,2,631.26,25,2,200,2825,40,111,5,89000,90502,23
2024,12,36,36081,2,2491.88,54,2,100,4220,40,71,5,0,38000,23
2024,42,2,0,1,345.0,13,2,808,0,999,1,0,99999999,202300,23
2024,21,55,0,3,1859.55,6,2,100,0,999,1,0,99999999,354480,23
2024,41,4,0,0,6515.42,52,2,802,8300,30,73,5,340,65340,23
2024,33,22,22051,2,1557.78,17,1,100,0,999,60,1,0,180436,23
2024,32,21,21067,2,2629.89,22,1,802,0,999,73,5,30000,200510,23
2024,31,24,0,3,3130.38,12,1,200,0,999,1,0,99999999,219177,23
2024,42,41,0,1,1620.89,9,2,100,0,999,1,0,99999999,211800,23
2024,42,15,15003,3,555.96,63,1,651,0,999,91,0,0,82767,23
2024,42,15,15003,2,952.99,26,1,809,1840,25,111,5,30000,892648,23
2024,42,6,6001,2,3062.17,22,2,100,0,999,71,5,0,100002,23
2024,31,51,0,2,2170.03,15,1,100,4435,999,40,0,35000,205329,23
2024,31,10,10005,4,432.34,2,2,100,0,999,1,0,99999999,112654,23
2024,21,18,0,4,2367.12,37,2,100,5250,37,92,5,23175,23180,21
2024,42,6,0,2,1914.59,46,1,100,9130,40,73,5,38545,42882,22
2024,42,6,6111,3,1992.11,80,1,100,6355,30,91,0,0,84008,23
2024,21,26,0,1,3560.23,77,2,100,0,999,123,0,0,193202,23
2024,41,35,35001,3,595.39,31,1,100,3870,40,111,5,50000,136040,23
2024,31,45,45083,4,1483.72,40,2,100,9142,40,81,5,30000,30000,22
2024,33,48,0,2,2574.23,47,1,100,650,40,111,5,130000,155310,23
2024,11,50,0,4,424.58,72,1,100,2100,25,124,0,36000,91142,23
2024,31,12,12071,3,1934.43,39,1,100,705,50,111,5,100000,106007,23
2024,42,6,0,3,2224.6,29,2,100,5110,28,73,5,8500,78300,23
2024,33,40,0,3,1330.84,42,2,100,2545,40,73,5,25000,324219,23
2024,12,42,42101,2,3852.96,3,2,802,0,999,1,0,99999999,59200,23
2024,42,6,6037,3,1888.99,41,2,100,520,40,73,5,41000,41080,23
2024,42,6,6067,2,2712.99,59,1,651,0,999,81,0,0,32000,22
2024,21,18,0,2,2132.11,75,2,200,4220,40,81,0,54000,70255,23
2024,41,30,0,4,281.99,54,1,802,7260,36,92,5,28000,28125,23
2024,31,13,0,1,4299.92,65,2,100,0,999,73,0,0,18779,22
2024,11,33,0,1,781.98,85,2,100,0,999,81,0,0,81213,23
2024,11,9,0,3,2492.06,74,2,100,3602,9,73,0,25000,131589,23
2024,22,19,0,4,1433.38,14,2,100,0,999,1,0,99999999,9999999999,0
2024,21,39,39095,3,2518.29,36,2,651,3255,35,111,5,20000,204978,23
2024,32,1,1097,2,1196.77,40,2,100,2145,40,73,5,55000,126631,23
2024,31,51,51177,3,3581.26,70,2,100,4700,20,81,0,0,51366,23
2024,31,12,12105,3,4505.5,2,1,200,0,999,1,0,99999999,221080,23
2024,41,56,0,1,193.04,8,1,100,0,999,1,0,99999999,90029,23
2024,22,19,0,1,1376.47,25,1,100,0,999,73,5,0,68021,23
2024,21,26,0,3,3396.7,30,1,300,8100,999,60,5,10000,21159,10
2024,33,22,0,3,1148.23,60,2,100,4230,40,20,0,6000,6000,10
2024,22,29,0,1,4049.25,20,2,100,0,999,60,5,25920,25920,23
2024,21,17,0,2,5635.6,51,2,100,3321,40,111,5,86246,283767,23
2024,11,9,9001,3,2748.02,80,1,100,9130,10,73,0,45000,55120,23
2024,21,55,0,2,2355.94,50,1,100,2016,40,124,5,138000,411702,23
2024,12,36,36061,2,3061.01,40,1,100,220,45,81,5,80000,215034,23
2024,33,5,0,2,751.46,71,2,200,0,999,73,0,0,22565,23
2024,21,17,0,4,1995.89,41,2,100,3603,40,81,5,32000,106476,23
2024,31,45,45083,4,1262.22,15,2,100,4720,15,40,0,25000,131026,23
2024,42,53,0,3,3652.03,65,1,100,7210,40,73,0,40000,116898,23
2024,22,27,27139,3,1973.76,40,1,100,440,55,123,5,850000,1004250,23
2024,33,48,48181,4,2697.96,10,1,100,0,999,1,0,99999999,40421,23
2024,32,1,0,2,2424.58,19,2,200,3310,40,111,5,35000,191260,23
2024,21,26,26125,3,2655.08,42,2,100,3255,40,123,5,170000,219832,23
2024,42,6,0,2,1812.44,51,2,100,4760,20,30,5,0,93000,23
2024,42,6,6037,3,2285.18,12,2,100,0,999,1,0,99999999,40000,22
2024,22,46,0,4,713.72,57,2,100,5000,40,111,0,50000,255222,23
2024,32,21,21111,2,2507.78,39,1,200,8810,999,81,5,60000,60001,23
2024,21,39,39085,3,3425.24,65,1,100,0,999,60,0,0,80769,23
2024,31,45,0,3,1996.32,20,2,801,0,999,50,5,0,0,10
2024,12,36,36119,3,1980.12,55,1,651,220,40,111,0,80000,164973,23
2024,11,9,9005,1,1509.44,64,2,100,3602,40,73,0,35001,75002,23
2024,31,37,0,2,4553.01,1,1,100,0,999,1,0,99999999,238360,23
2024,42,6,0,2,2275.86,44,2,100,3230,40,123,5,80000,234154,23
2024,12,42,42089,4,2021.13,67,2,200,0,999,60,0,0,27180,22
2024,41,35,35013,4,585.96,80,1,100,0,999,123,0,0,177166,23
2024,33,22,0,2,994.72,4,1,100,0,999,1,0,99999999,120804,23
2024,21,26,26099,3,3756.63,63,2,100,0,999,111,0,0,24,10
2024,12,36,36061,2,4842.69,38,2,100,3255,40,111,5,55000,67188,23
2024,33,5,0,1,853.02,15,2,100,0,999,73,0,4000,110176,23
2024,41,16,0,1,673.87,37,2,100,7200,40,81,5,0,6958,10
2024,31,12,0,1,3063.8,60,2,100,9130,997,73,0,41760,113245,23
2024,42,6,6073,2,2510.51,3,1,100,0,999,1,0,99999999,192300,23
2024,42,53,0,2,2141.75,61,2,100,3602,20,125,0,0,131351,23
2024,41,30,0,1,559.65,85,2,100,0,999,73,0,0,50518,23
2024,33,48,0,3,2940.06,38,1,100,1021,40,111,5,96000,168001,23
2024,33,48,48309,2,3138.18,45,1,100,705,40,81,5,55000,87922,23
2024,32,1,1003,4,1470.77,27,2,100,3255,40,91,5,50000,108000,23
2024,22,31,0,4,984.16,17,1,200,4720,997,50,1,0,107002,23
2024,42,6,6001,2,1737.23,75,1,100,0,999,81,0,0,0,10
2024,31,37,0,2,2663.98,23,2,100,8740,40,73,5,37440,37440,23
2024,31,54,0,1,225.48,85,1,100,0,999,73,0,0,14004,10
2024,33,48,0,3,4675.77,43,2,100,5000,40,92,5,49000,190400,23
2024,22,27,0,3,4391.59,78,2,100,0,999,111,0,0,70957,23
2024,31,45,0,3,1625.61,16,2,100,0,999,40,1,1000,158700,23
2024,22,31,0,3,1038.0,9,1,200,0,999,1,0,99999999,36000,21
2024,42,6,6097,2,1948.94,45,2,100,4120,40,73,5,49000,105050,23
2024,31,51,0,3,10783.61,57,1,100,4220,40,71,0,40000,40000,23
2024,21,17,0,2,5964.91,21,1,100,2905,20,81,3,30000,65000,23
2024,33,5,0,3,1331.22,53,1,200,5240,44,111,5,28000,28000,22
2024,31,12,12099,3,4484.6,30,1,100,3401,40,111,5,45000,170000,23
2024,41,32,32003,3,970.86,66,1,200,3090,40,124,0,200000,260000,23
2024,31,11,11001,2,163.45,32,1,100,2100,70,124,5,230000,386258,23
2024,31,51,0,3,2298.75,62,2,651,3602,32,73,0,25000,51675,23
2024,31,37,37119,2,2770.59,63,1,200,9142,24,73,0,60000,72750,23
2024,42,6,6073,2,1768.57,72,2,100,0,999,92,0,0,99483,23
2024,42,53,0,3,3260.45,72,1,651,0,999,125,0,0,202409,23
2024,41,30,0,1,601.02,51,1,100,40,40,81,5,80000,82510,23
2024,11,25,25005,3,1502.75,50,2,100,420,40,123,5,89000,135870,23
2024,41,35,35001,2,802.67,34,1,100,1007,40,91,5,55000,60100,23
2024,41,4,4013,2,1925.75,65,2,100,0,999,73,0,0,36467,23
2024,31,51,0,3,2486.32,10,1,100,0,999,1,0,99999999,93800,23
2024,31,10,10005,4,495.39,59,2,200,3603,32,50,0,42500,45800,23
2024,32,28,0,1,2360.11,26,1,200,9645,997,111,5,45000,231979,23
2024,11,23,0,1,1631.96,68,2,100,5940,997,81,0,55000,130312,23
2024,42,6,6059,2,2958.96,58,1,651,1021,40,123,0,120000,442536,23
2024,11,50,0,1,225.26,7,2,100,0,999,1,0,99999999,57562,23
2024,31,37,0,1,1853.13,10,2,100,0,999,1,0,99999999,160000,23
2024,32,21,0,1,3527.55,14,2,100,0,999,1,0,99999999,26220,21
2024,41,8,0,1,3728.81,66,1,100,6050,40,60,0,66000,104283,23
2024,41,56,0,4,244.6,34,1,100,4760,40,81,5,21520,118172,23
2024,42,15,15003,2,531.71,14,1,813,0,999,1,0,99999999,223649,23
2024,31,13,0,2,2541.74,20,2,100,5120,40,73,5,34000,112649,23
2024,31,13,13077,3,2652.97,45,1,100,1530,45,111,5,122057,162358,23
2024,11,50,0,4,430.39,66,2,100,0,999,73,0,0,17917,21
2024,21,17,0,2,2242.96,29,1,100,2634,40,111,5,52000,52037,23
2024,12,36,0,3,4205.88,67,2,100,0,999,30,0,0,106057,23
2024,22,29,0,1,2001.1,23,1,100,800,60,111,5,60000,225000,23
2024,21,39,0,1,3890.16,18,1,200,4020,30,60,5,0,0,10
2024,11,33,33011,3,823.41,64,1,100,2640,40,91,0,120000,166590,23
2024,22,19,19103,4,1868.81,21,2,100,0,999,73,5,0,0,10
2024,41,16,0,3,499.57,50,2,100,3423,36,92,5,47000,81000,23
2024,22,20,20091,3,1139.11,56,2,100,0,999,111,0,0,64900,23
2024,41,4,4019,3,3782.46,66,2,100,0,999,81,0,0,83621,23
2024,12,42,42011,4,4081.05,73,1,100,0,999,111,0,0,165774,23
2024,12,36,36005,2,2195.0,29,2,651,3655,40,92,5,75000,100403,23
2024,22,27,0,1,1797.22,36,1,100,1310,50,111,5,90000,90029,23
2024,42,2,0,2,336.38,37,1,100,9005,40,73,5,65000,65120,23
2024,31,37,0,2,2630.79,56,2,100,4920,997,111,0,0,458909,23
2024,42,6,6037,2,2395.82,85,2,200,0,999,71,0,0,52272,23
2024,12,34,0,3,2516.82,35,2,100,845,40,111,5,130000,283895,23
2024,33,22,0,2,703.31,65,2,200,0,999,73,0,5000,71000,23
2024,22,31,31055,2,556.27,13,1,100,0,999,1,0,99999999,12100,10
2024,31,37,0,3,2225.92,19,2,100,0,999,73,3,0,91401,23
2024,41,32,0,3,2279.72,21,2,100,4055,16,92,3,12000,113136,23
2024,41,16,0,1,529.29,70,1,100,0,999,10,0,0,12780,10
2024,32,1,0,1,2119.41,62,2,100,3255,24,91,0,50000,488605,23
2024,41,49,0,3,1111.07,44,2,100,3630,15,111,5,52000,78010,23
2024,42,6,6037,2,2576.1,20,1,100,0,999,81,3,0,60000,23
2024,11,25,25023,3,3731.72,22,1,100,9620,6,73,3,8500,139765,23
2024,42,6,6077,3,3307.71,10,2,300,0,999,1,0,99999999,171150,23
2024,42,15,15003,3,308.58,15,1,651,0,999,40,0,0,210222,23
2024,21,26,26163,2,2231.83,68,2,200,0,999,73,0,0,57064,23
2024,31,13,0,1,2394.63,58,2,200,3545,40,81,0,30000,60000,23
2024,31,54,0,4,625.64,44,2,100,2300,40,111,5,60000,137102,23
2024,31,12,12101,3,2728.0,28,2,100,0,999,73,5,0,10800,10
2024,41,49,49053,4,1684.7,66,2,100,0,999,111,0,0,174449,23
2024,31,24,0,4,3007.71,17,2,100,0,999,60,1,0,219800,23
2024,42,53,0,3,3824.71,52,1,100,0,999,40,5,0,1801,10
2024,32,1,0,1,1838.99,75,1,100,0,999,73,0,9500,50301,23
2024,31,12,12086,3,2346.59,80,2,100,0,999,123,0,0,83180,23
2024,31,13,0,3,4270.74,71,1,100,0,999,92,0,0,60800,23
2024,22,31,0,1,871.23,51,1,100,1555,48,73,5,95114,385370,23
2024,12,34,34007,4,2724.3,10,1,100,0,999,1,0,99999999,238496,23
2024,31,11,11001,2,223.44,78,2,200,0,999,73,0,0,23579,23
2024,42,6,0,2,2275.4,42,2,100,0,999,73,5,0,95000,23
2024,31,12,12086,3,3317.46,60,1,100,7315,55,111,0,0,111120,23
2024,12,42,0,4,1954.56,35,2,100,5360,997,81,5,20000,80004,23
2024,33,22,0,1,1466.43,61,2,100,0,999,123,0,0,0,10
2024,32,1,0,3,1172.45,45,1,651,4020,40,30,5,1099999,1174999,23
2024,11,50,0,4,585.4,28,1,100,120,35,123,5,86000,194925,23
2024,22,20,20173,2,1754.61,42,1,100,4965,25,91,5,0,0,10
2024,42,15,0,4,1099.99,39,1,652,3930,997,73,5,46000,100180,23
2024,32,1,0,1,1328.5,85,1,200,0,999,73,0,0,26628,22
2024,21,18,0,4,3401.75,68,2,100,0,999,73,0,0,53685,23
2024,31,13,0,3,5099.83,25,1,200,1108,40,111,5,200000,278810,23
2024,33,5,0,2,1177.22,28,1,100,4700,42,91,5,33500,33500,22
2024,12,42,42017,3,3533.15,9,1,100,0,999,1,0,99999999,171565,23
2024,42,6,6073,3,1858.61,66,1,100,6200,40,73,0,200000,215632,23
2024,12,36,0,3,3004.06,50,1,100,230,47,123,5,95000,360217,23
2024,31,54,0,4,1378.17,56,1,100,3930,40,111,0,37000,61814,23
2024,12,34,34019,3,5062.49,62,1,100,1305,40,123,0,175000,289303,23
2024,31,12,12086,3,2508.57,17,2,100,0,999,71,1,0,140403,23
2024,31,37,0,1,1810.06,38,1,100,3802,42,81,5,50000,80719,23
2024,31,37,37179,3,2281.09,14,2,100,0,999,1,0,99999999,216245,23
2024,11,25,25009,3,1773.95,19,2,100,4055,999,81,3,6700,86358,23
2024,21,39,0,1,2316.61,18,2,100,4055,12,71,1,0,587127,23
2024,21,18,0,3,1720.08,38,1,100,530,44,111,5,100000,204000,23
2024,32,28,0,1,1535.73,60,2,100,0,999,81,0,0,197312,23
2024,31,51,0,3,3132.1,73,2,651,0,999,73,0,0,525044,23
2024,21,26,26121,4,4281.44,57,2,100,1220,50,81,0,110000,312597,23
2024,41,4,4025,4,4016.46,22,2,100,1720,40,111,5,66000,66000,23
2024,42,15,15003,3,834.82,65,2,100,3255,40,111,0,150000,174122,23
2024,42,6,0,1,3974.18,65,1,100,0,999,123,0,0,30000,23
2024,41,4,4013,2,2124.12,51,2,100,0,999,2,5,0,77320,23
2024,12,36,36081,2,4317.2,65,1,100,440,40,92,0,100000,121531,23
2024,21,18,0,4,5008.78,29,1,100,1021,40,111,5,85000,85805,23
2024,31,10,10003,4,383.92,80,2,200,0,999,73,0,0,19691,22
2024,33,40,0,3,3762.86,20,1,100,4055,40,73,5,12000,12000,10
2024,41,8,8059,3,2443.34,20,1,100,0,999,81,3,0,252216,23
2024,11,9,0,3,1551.84,40,1,100,530,70,30,5,48000,48000,23
2024,41,8,8123,4,1972.7,11,1,100,0,999,1,0,99999999,98657,23
2024,11,33,33011,3,1023.27,57,2,100,0,999,125,0,0,68206,23
2024,12,42,42011,4,4055.89,23,2,100,3300,40,111,5,60000,60130,23
2024,42,6,6037,3,3329.04,80,2,100,3255,24,111,0,125000,225389,23
2024,32,21,21111,2,3938.47,85,1,100,0,999,123,0,0,221069,23
2024,11,50,0,1,391.67,53,2,100,0,999,81,5,20000,89600,23
2024,31,10,10003,4,779.72,32,2,100,725,40,123,5,41000,41005,23
2024,41,8,8059,2,2781.44,1,1,100,0,999,1,0,99999999,99200,23
2024,41,16,0,1,1026.72,24,1,100,6220,40,73,5,33280,33280,23
2024,31,12,12095,3,2669.31,66,1,651,0,999,30,0,0,57945,23
2024,41,49,0,3,1142.67,53,1,100,440,40,123,5,135000,235577,23
2024,11,44,0,3,817.05,65,1,300,0,999,73,0,0,26375,22
2024,21,17,0,3,3932.07,80,2,100,10,15,73,0,120000,168504,23
2024,12,42,42091,3,6341.79,30,2,100,1220,40,111,5,113000,221045,23
2024,32,1,0,3,1494.17,77,1,200,4010,40,73,0,13500,13510,10
2024,42,6,0,3,1585.54,6,2,100,0,999,1,0,99999999,63050,23
2024,31,45,0,1,2487.29,54,2,100,3245,32,111,5,60000,173864,23
2024,31,13,0,1,1745.54,65,2,200,3603,20,81,0,18000,18000,21
2024,22,31,0,3,845.66,52,2,100,2320,40,111,5,65000,220000,23
2024,21,39,0,1,1493.39,9,2,100,0,999,1,0,99999999,16551,10
2024,21,39,39089,3,1805.08,7,1,100,0,999,1,0,99999999,96000,23
2024,42,2,0,2,603.95,29,1,100,3402,48,111,3,130000,130600,23
2024,32,47,0,3,1397.83,40,1,100,4700,40,111,5,100000,175000,23
2024,33,22,0,1,1498.64,36,1,200,2320,40,91,5,5000,70020,23
2024,31,13,0,3,4135.83,80,2,100,0,999,2,0,0,1167,10
2024,33,40,0,2,2224.37,6,2,805,0,999,1,0,99999999,82001,23
2024,22,29,0,1,2511.32,27,2,100,3645,40,92,5,30002,65002,23
2024,41,49,0,3,2187.1,55,2,100,5240,18,111,0,47500,227518,23
2024,22,38,0,4,398.89,9,2,300,0,999,1,0,99999999,35000,22
2024,11,9,9001,3,1555.88,55,2,100,230,35,123,0,121500,563259,23
2024,12,34,34013,3,4165.03,38,1,100,4840,40,73,5,70000,125093,23
2024,21,17,0,3,1848.58,13,2,100,0,999,1,0,99999999,34000,10
2024,42,15,15003,3,516.71,54,2,651,1108,50,123,5,60000,110615,23
2024,42,6,6037,3,1933.52,10,2,100,0,999,1,0,99999999,67000,23
2024,33,48,0,3,4267.46,46,2,100,5400,36,81,5,86000,161511,23
2024,12,42,0,3,2122.83,18,2,100,0,999,50,1,0,123000,23
2024,31,37,37119,2,5101.4,1,2,200,0,999,1,0,99999999,162300,23
2024,31,12,12111,2,5532.46,60,2,100,2310,999,111,0,0,0,10
2024,21,26,26093,3,2951.78,17,2,100,6050,60,30,5,0,89228,22
2024,42,6,6073,2,2284.13,2,2,100,0,999,1,0,99999999,301112,23
2024,41,16,0,4,913.08,52,2,100,800,45,123,5,113000,130152,23
2024,22,31,0,4,995.56,7,2,100,0,999,1,0,99999999,125226,23
2024,21,17,0,4,4419.78,22,2,100,4055,10,111,3,15000,129003,23
2024,41,16,0,3,451.94,14,2,100,0,999,1,0,99999999,126500,23
2024,32,47,47093,2,2652.07,8,2,100,0,999,1,0,99999999,73166,23
2024,41,30,30111,4,830.33,30,1,802,8650,48,73,5,116000,126500,23
2024,33,22,22033,3,2476.73,2,2,200,0,999,1,0,99999999,241063,23
2024,12,36,0,3,4642.47,55,1,100,9130,40,81,0,65000,147462,23
2024,21,26,0,3,4168.02,70,2,100,0,999,73,0,0,15722,21
2024,22,46,0,1,567.65,33,1,100,6330,40,73,5,43523,113987,23
2024,22,38,0,4,520.84,80,1,100,0,999,73,0,0,16800,21
2024,31,13,0,2,5311.15,5,1,100,0,999,1,0,99999999,210860,23
2024,21,39,0,3,2258.0,15,2,100,0,999,50,0,0,258081,23
2024,22,27,0,4,2219.97,54,2,100,3603,40,91,5,49029,64684,23
2024,31,54,0,4,440.25,14,1,100,0,999,1,0,99999999,128643,23
2024,31,45,0,3,3049.73,49,2,100,0,999,81,4,0,109103,23
2024,41,16,0,3,529.0,67,2,100,0,999,81,0,0,28379,22
2024,42,41,41029,4,2059.0,74,2,100,0,999,111,0,0,84610,23
2024,31,10,10003,4,644.05,48,2,200,8225,40,73,5,40000,221174,23
2024,42,6,6059,2,3740.66,68,1,100,0,999,123,0,0,109979,23
2024,42,6,6029,2,2437.95,28,1,100,1108,40,92,5,75000,75220,23
2024,21,17,0,2,2623.99,28,2,100,630,40,60,5,30000,73100,23
2024,31,24,24031,2,3049.55,80,1,100,0,999,111,0,0,65000,23
2024,31,51,0,4,4698.87,21,1,200,4000,40,91,5,35000,157606,23
2024,32,47,0,1,4068.86,62,2,100,5860,40,73,0,50000,101538,23
2024,31,12,12086,3,2084.43,51,2,100,630,40,111,5,70000,120000,23
2024,12,36,36005,2,5046.87,18,1,300,0,999,71,1,0,107016,23
2024,11,33,33015,3,728.86,50,1,100,2310,40,123,5,75000,91087,23
2024,41,30,0,1,500.0,3,2,100,0,999,1,0,99999999,120075,23
2024,41,35,0,3,720.55,66,1,100,0,999,111,0,0,544699,23
2024,33,5,0,2,863.46,5,1,100,0,999,1,0,99999999,33500,22
2024,42,41,0,3,3174.02,66,2,100,0,999,81,0,0,12000,10
2024,33,22,0,2,1267.0,63,1,200,4140,999,73,0,0,0,10
2024,42,15,0,1,418.74,4,2,651,0,999,1,0,99999999,18000,10
2024,22,38,0,1,479.84,55,2,100,3602,40,111,0,45000,45000,23
2024,22,20,20091,3,1909.62,64,2,100,3424,36,81,0,39000,39305,23
2024,11,33,33015,3,1161.92,58,1,200,0,999,73,0,0,75360,23
2024,31,54,0,1,821.58,68,1,100,440,16,73,0,0,30064,23
2024,33,22,0,4,877.8,12,1,100,0,999,1,0,99999999,105625,23
2024,42,6,6087,3,2133.64,33,1,100,20,40,91,5,62400,151675,23
2024,42,53,0,3,3246.32,16,1,803,0,999,40,1,0,132268,23
2024,12,34,34003,3,4346.76,57,1,100,3245,40,123,0,85000,90100,23
2024,42,6,6111,2,3137.28,17,2,100,3960,25,71,3,0,232831,23
2024,41,32,0,3,772.59,85,2,100,0,999,91,0,0,90479,23
2024,21,17,17097,3,4328.96,52,1,100,0,999,92,5,44000,330126,23
2024,41,30,0,1,541.7,70,1,100,0,999,123,0,0,103627,23
2024,41,4,4013,3,2823.33,21,2,100,2014,40,92,5,22000,22000,22
2024,11,50,0,1,357.88,70,1,100,0,999,73,0,0,33636,23
2024,31,45,45083,4,1567.7,11,2,803,0,999,1,0,99999999,174500,23
2024,41,8,0,2,2898.42,59,2,100,0,999,91,0,0,25179,21
2024,31,10,10001,4,534.99,5,2,100,0,999,1,0,99999999,94278,23
2024,21,39,0,3,6108.42,0,2,100,0,999,1,0,99999999,60000,23
2024,31,12,12103,3,3556.65,6,2,100,0,999,1,0,99999999,332765,23
2024,31,37,0,2,3778.93,34,1,100,1551,40,73,5,59000,90110,23
2024,21,17,0,3,2725.34,22,2,100,2545,10,81,3,2000,290865,23
2024,42,2,0,2,631.6,49,2,651,2545,50,125,5,169000,178497,23
2024,21,17,17097,3,2462.07,3,2,100,0,999,1,0,99999999,298034,23
2024,11,44,0,3,871.43,78,2,100,0,999,10,0,0,129002,23
2024,21,17,0,3,2262.3,34,1,100,540,40,91,5,50000,53656,23
2024,21,26,26163,2,3762.04,64,2,100,0,999,73,0,0,21938,22
2024,42,6,6059,3,2289.74,33,1,100,0,999,73,5,0,93199,23
2024,42,41,41029,4,3056.99,21,2,100,4220,21,73,5,15000,174400,23
2024,11,9,9009,2,3214.02,65,1,100,0,999,73,0,80000,196759,23
2024,41,16,0,3,451.35,11,2,100,0,999,1,0,99999999,150425,23
2024,33,48,0,2,1849.4,21,1,651,0,999,81,3,0,626155,23
2024,42,53,0,3,4255.38,5,2,802,0,999,1,0,99999999,25000,10
2024,31,10,10003,4,498.52,38,2,200,5610,40,73,5,110000,110235,23
2024,41,16,0,2,976.37,52,2,100,6005,40,111,5,60000,102005,23
2024,12,34,0,4,2175.81,79,1,200,0,999,92,0,0,82353,23
2024,32,28,0,1,778.63,40,2,100,440,40,73,5,36000,83000,23
2024,12,42,42017,3,3953.64,79,1,100,0,999,73,0,0,30871,23
2024,22,27,0,1,4532.45,11,1,200,0,999,1,0,99999999,39030,22
2024,42,6,6083,2,1994.52,61,2,100,5240,4,73,0,18000,30020,23
2024,42,15,0,1,420.85,50,2,100,2360,70,123,5,0,116348,23
2024,33,22,0,1,1123.52,42,1,100,1460,40,92,5,100000,143387,23
2024,31,10,10001,4,1222.0,37,2,200,5000,40,111,5,136000,307464,23
2024,12,34,34023,3,2619.1,1,2,100,0,999,1,0,99999999,140498,23
2024,11,23,0,3,1554.57,46,1,100,9620,40,81,5,1099999,1099999,23
2024,22,27,0,3,4002.49,57,2,100,136,40,92,0,146000,199033,23
2024,42,6,6059,3,2883.07,22,2,100,0,999,92,3,0,60010,23
2024,11,25,25017,3,1856.19,6,1,100,0,999,1,0,99999999,350820,23
2024,42,53,0,2,1804.4,45,2,100,0,999,91,5,0,139651,23
2024,31,11,11001,2,318.85,38,2,651,4120,997,81,5,50000,86000,23
2024,22,19,0,4,1299.2,50,1,200,4220,15,73,5,11700,80014,23
2024,41,56,0,4,265.11,34,1,100,6260,997,92,5,35000,125680,23
2024,11,50,0,4,457.65,80,1,100,2205,30,125,0,0,413025,23
2024,41,30,0,4,365.31,43,1,100,6050,40,73,5,55400,68399,23
2024,31,54,0,1,988.69,43,1,100,120,45,123,5,126500,316500,23
2024,22,27,27139,3,3728.52,59,1,100,3110,40,111,0,80000,127204,23
2024,12,42,42133,4,2505.93,55,1,200,2320,999,123,0,65000,66501,23
2024,42,6,6037,2,2675.79,16,1,100,0,999,60,1,0,35000,10
2024,41,30,0,1,387.58,33,1,100,7810,40,73,5,50000,100000,23
2024,42,41,0,4,1743.53,21,1,100,9130,50,73,5,50000,135450,23
2024,41,32,0,2,2041.11,75,1,100,0,999,111,0,0,161259,23
2024,33,48,0,3,3462.71,46,1,200,800,40,111,5,75000,341000,23
2024,41,16,0,3,641.51,70,1,100,810,24,123,0,60000,163028,23
2024,12,42,42091,3,2873.46,18,2,100,2722,10,71,1,6000,313358,23
2024,42,15,0,1,459.85,32,1,651,7210,40,60,5,65000,103010,23
2024,12,36,0,2,5373.95,5,2,300,0,999,1,0,99999999,85400,22
2024,42,41,0,3,3039.23,45,1,100,8225,36,92,5,21493,21517,22
2024,33,48,0,2,4064.91,65,2,100,350,40,91,0,79000,102693,23
2024,31,45,0,3,1831.26,6,1,100,0,999,1,0,99999999,70000,23
2024,32,1,1003,4,1124.24,15,1,100,0,999,60,0,0,390257,23
2024,31,10,10003,4,853.73,49,1,200,9122,40,111,5,32000,42700,21
2024,12,36,36047,2,4110.9,80,2,100,0,999,73,0,0,8088,10
2024,31,24,0,4,3071.12,11,1,100,0,999,1,0,99999999,364395,23
2024,31,51,51810,2,3168.27,31,1,100,7750,40,81,5,43000,105055,23
2024,31,51,51153,3,2795.19,60,1,200,1108,40,73,0,91000,93900,23
2024,42,15,0,4,763.8,34,1,652,4530,40,73,5,42240,42840,10
2024,32,1,0,2,1351.51,19,1,100,0,999,73,5,0,149674,23
2024,42,2,0,2,221.3,65,2,100,9122,45,73,0,62000,108001,23
2024,41,32,32003,2,1069.45,12,1,200,0,999,1,0,99999999,49402,23
2024,33,48,0,1,2243.22,8,2,100,0,999,1,0,99999999,63002,23
2024,12,36,0,4,3294.51,44,1,100,4710,60,73,5,10000,15010,10
2024,31,54,0,1,746.33,51,2,100,0,999,92,5,0,20100,10
2024,21,26,0,1,2012.75,45,1,100,6305,85,81,5,100000,116604,23
2024,33,48,0,2,2121.45,31,1,100,9600,40,73,5,36000,36401,23
2024,32,21,21117,3,2524.93,39,2,200,9610,40,73,5,0,6300,10
2024,42,6,6079,4,4460.32,62,1,100,6200,40,73,0,80000,105884,23
2024,12,36,36059,3,2041.63,51,2,651,710,40,123,5,60000,60000,23
2024,12,36,36055,3,3150.47,4,1,100,0,999,1,0,99999999,82010,23
2024,21,39,39103,3,3257.08,49,2,651,0,999,2,5,0,25000,21
2024,21,39,39113,2,2125.03,41,2,100,3802,40,111,5,72000,373647,23
2024,31,12,12057,2,2157.84,7,1,100,0,999,1,0,99999999,41600,22
2024,11,50,0,1,415.05,78,2,100,0,999,73,0,0,90199,23
2024,42,6,0,2,3188.89,22,2,651,3646,20,111,5,16000,367088,23
2024,21,26,0,1,2156.65,4,2,100,0,999,1,0,99999999,10000,10
2024,42,6,6037,3,2962.7,85,1,651,0,999,30,0,0,91800,23
2024,31,24,0,3,2233.71,23,1,651,4230,40,73,5,47000,173281,23
2024,42,2,0,1,473.08,42,2,652,0,999,73,5,0,137003,23
2024,42,15,0,1,397.77,43,1,651,7200,40,81,5,50000,156017,23
2024,31,45,0,3,2329.84,64,2,200,0,999,111,0,0,46729,23
2024,31,13,13077,3,2652.97,46,1,100,7200,40,73,5,39000,142681,23
2024,41,49,0,2,944.36,85,1,100,0,999,111,0,0,57137,23
2024,32,28,0,1,1824.15,36,2,100,0,999,20,5,0,9000,10
2024,22,29,0,4,2030.97,40,1,100,3870,40,92,5,50000,125002,23
2024,31,45,0,1,2375.88,60,2,100,52,40,73,0,42000,100209,23
2024,41,35,0,1,839.5,31,2,100,9645,999,81,5,0,72336,23
2024,22,46,0,1,665.82,67,2,100,0,999,111,0,0,14400,10
2024,42,6,6037,2,1711.63,54,1,100,0,999,20,5,0,0,10
2024,11,50,0,1,345.72,85,2,100,0,999,30,0,0,50246,23
2024,21,39,0,3,3805.25,74,2,100,0,999,73,0,0,2400,10
2024,31,51,0,4,2366.93,6,1,100,0,999,1,0,99999999,182111,23
2024,41,35,35001,2,508.72,62,2,100,4220,50,91,0,15000,65000,23
2024,12,34,34035,3,2945.4,64,2,651,4810,40,111,0,87000,87015,23
2024,32,28,0,1,2275.35,41,1,200,0,999,73,5,0,61084,23
2024,33,48,0,3,2440.25,40,1,100,6200,65,92,5,88000,248205,23
2024,41,32,32003,2,1026.42,41,1,100,6230,24,40,5,50000,85000,23
2024,31,37,0,3,3387.51,77,2,100,0,999,73,0,0,175323,23
2024,22,46,0,1,803.67,46,2,100,4510,40,91,5,0,30066,23
2024,31,13,13135,3,2390.38,63,1,200,850,35,111,0,50000,117085,23
2024,42,6,6077,3,1947.43,8,2,100,0,999,1,0,99999999,157115,23
2024,31,11,11001,2,355.88,38,2,200,5940,40,81,5,40000,50928,22
2024,31,12,12057,3,3557.11,77,1,100,0,999,73,0,0,164811,23
2024,11,9,9009,3,1393.01,55,2,100,4230,25,73,0,2000,61841,23
2024,21,26,26125,3,2680.11,13,1,100,0,999,1,0,99999999,219832,23
2024,22,38,0,4,285.55,3,2,100,0,999,1,0,99999999,60053,23
2024,12,36,36047,2,3482.24,2,2,100,0,999,1,0,99999999,35000,10
2024,32,47,0,4,1937.56,40,2,100,3090,40,125,5,85000,103012,23
2024,41,8,0,3,3605.37,53,2,100,2360,40,111,5,42000,370145,23
2024,33,22,22071,2,1898.01,17,1,200,0,999,60,1,0,7434,10
2024,21,26,26099,3,2416.99,17,2,100,0,999,50,1,0,81401,23
2024,33,40,0,0,2128.3,8,2,100,0,999,1,0,99999999,190000,23
2024,31,12,12105,2,2711.03,28,2,100,705,40,73,5,74000,74245,23
2024,12,34,0,3,2279.73,35,2,100,2004,40,123,5,60000,108000,23
2024,21,17,0,4,2122.43,43,1,100,0,999,73,5,0,15000,10
2024,42,53,53033,2,2757.74,85,1,100,0,999,73,0,0,30540,23
2024,21,26,0,1,1827.06,7,1,100,0,999,1,0,99999999,65000,23
2024,21,26,26115,4,5517.41,25,1,100,5000,40,91,5,200000,819178,23
2024,33,48,0,2,2237.93,70,2,100,0,999,73,0,0,31379,23
2024,32,1,0,3,1123.45,7,1,100,0,999,1,0,99999999,669418,23
2024,42,41,0,3,2039.71,39,1,100,2310,40,123,5,74000,146392,23
2024,42,6,6059,3,2046.12,45,2,100,5860,40,73,5,43000,177396,23
2024,31,12,12095,3,3972.1,36,2,200,3603,36,91,5,0,81000,23
2024,11,44,0,3,587.32,40,2,100,2360,50,125,5,120000,145873,23
2024,32,47,0,3,3980.74,60,2,100,2830,45,81,0,50000,53055,23
2024,42,2,0,2,589.0,20,2,300,5240,40,73,5,4520,7794,10
2024,22,38,0,1,462.77,60,1,100,205,997,111,0,150000,204519,23
2024,32,28,0,3,679.38,74,2,200,0,999,73,0,0,0,10
2024,33,22,22033,3,1474.47,47,2,200,3603,40,71,5,26000,26000,21
2024,42,6,0,2,2833.77,71,1,651,0,999,73,0,0,71112,23
2024,33,48,48041,4,2086.1,19,2,100,3310,50,91,5,28000,41000,23
2024,42,6,6081,2,2098.72,34,2,100,5610,40,73,5,37000,37000,23
2024,41,8,8069,3,6378.25,27,1,100,4760,40,111,5,30000,30000,23
2024,12,34,0,3,4755.13,71,2,100,0,999,73,0,0,49481,23
2024,42,6,6037,3,1852.9,74,2,100,0,999,73,0,0,35010,23
2024,11,33,33011,3,621.63,38,1,100,10,40,111,5,250000,309540,23
2024,31,12,12057,3,2745.02,62,2,803,2825,50,111,0,83000,119192,23
2024,41,16,0,3,592.18,27,1,100,3801,40,111,5,70000,140003,23
2024,33,48,0,2,2243.69,59,1,100,0,999,73,0,2500,27600,10
2024,41,30,0,4,612.13,80,1,100,0,999,73,0,0,89489,23
2024,31,12,12009,2,2042.83,67,1,100,0,999,81,0,0,56878,23
2024,41,16,0,3,456.61,5,1,100,0,999,1,0,99999999,104500,23
2024,41,49,0,2,1134.15,44,1,100,710,40,111,5,105000,166005,23
2024,31,37,0,3,2777.28,36,1,100,4461,40,81,5,13520,13520,10
2024,12,36,36055,3,2710.36,8,2,100,0,999,1,0,99999999,67620,23
2024,31,13,0,3,2816.95,6,1,651,0,999,1,0,99999999,22207,10
2024,12,34,34017,2,4971.06,77,2,651,0,999,111,0,0,48060,23
2024,41,4,4013,3,3201.41,36,1,651,1021,40,111,5,166069,375069,23
2024,41,49,0,3,1212.1,14,2,100,0,999,1,0,99999999,134005,23
2024,21,26,26125,3,3844.22,53,2,100,440,40,111,5,23000,194497,23
2024,12,36,0,2,4051.31,30,2,651,0,999,40,5,0,102454,23
2024,12,42,42055,4,3176.85,80,2,100,0,999,73,0,0,33355,23
2024,42,53,0,3,3849.34,73,2,100,0,999,111,0,0,29280,23
2024,12,42,42029,3,3953.13,25,2,200,1530,45,111,5,105554,110574,23
2024,21,18,0,4,3168.55,46,1,100,7200,40,40,5,60000,153500,23
2024,22,29,0,2,1868.29,9,1,100,0,999,1,0,99999999,136,10
2024,42,15,15003,2,331.17,31,2,651,2310,997,123,5,105000,124100,23
2024,41,30,30111,4,666.98,34,2,100,2810,24,111,5,0,28748,23
2024,31,10,10003,4,906.48,57,2,100,5400,45,73,0,34000,127149,23
2024,31,54,0,1,643.73,85,2,100,0,999,73,0,0,45288,23
2024,42,6,6073,3,2383.84,6,2,100,0,999,1,0,99999999,32926,21
2024,31,13,0,3,2818.05,44,2,200,7700,40,73,5,63000,80100,23
2024,11,9,9009,2,1883.2,2,1,100,0,999,1,0,99999999,408402,23
2024,33,40,0,2,2459.51,69,1,100,4760,37,73,0,25000,75066,23
2024,41,32,0,1,990.02,22,2,100,9645,40,73,5,20000,80685,23
2024,12,42,42081,4,1684.13,3,2,100,0,999,1,0,99999999,0,10
2024,12,42,42101,2,2514.81,46,1,801,4700,999,73,5,35000,77380,23
2024,11,23,23019,4,1374.14,43,2,100,3601,20,92,5,12464,24897,21
2024,32,47,47093,2,2729.46,71,2,100,0,999,92,0,0,226120,23
2024,22,27,0,2,2742.02,8,2,100,0,999,1,0,99999999,230228,23
2024,42,53,0,4,2228.05,15,2,100,0,999,30,0,0,142597,23
2024,12,42,0,1,2991.73,80,1,100,0,999,81,0,0,202982,23
2024,31,12,12086,3,2849.44,70,2,200,0,999,73,0,0,4443,10
2024,42,6,6113,3,2818.73,64,2,651,7700,35,111,0,0,104500,23
2024,22,29,0,1,1934.39,3,1,100,0,999,1,0,99999999,247500,23
2024,21,39,0,3,2471.7,4,1,100,0,999,1,0,99999999,53379,21
2024,42,15,15003,3,484.06,8,1,651,0,999,1,0,99999999,174565,23
2024,42,6,0,3,2011.94,61,2,100,0,999,73,0,0,36660,23
2024,31,12,0,3,2953.28,45,2,100,4220,30,73,5,0,70006,23
2024,42,6,6019,2,2930.09,8,1,802,0,999,1,0,99999999,39952,10
2024,31,12,12086,3,3797.82,38,1,100,0,999,73,5,0,61600,23
2024,12,42,42017,3,3163.13,14,1,100,0,999,1,0,99999999,226115,23
2024,42,6,6067,2,4187.32,74,1,100,0,999,73,0,0,26244,22
2024,33,22,0,3,1243.29,38,1,100,9645,40,124,5,40000,120012,23
2024,41,30,0,1,543.7,43,1,802,4820,30,125,5,0,24762,10
2024,32,28,0,1,1063.19,78,2,100,0,999,73,0,0,89382,23
2024,22,31,0,1,1034.3,61,2,100,0,999,73,0,0,22894,21
2024,21,39,39057,3,1877.42,7,2,100,0,999,1,0,99999999,161000,23
2024,11,44,0,3,1125.58,60,1,100,0,999,73,0,0,92548,23
2024,31,37,0,1,4257.28,55,2,100,230,40,81,0,41000,90093,23
2024,42,6,0,2,2113.55,34,1,100,5510,40,73,5,0,34000,23
2024,33,40,0,2,2218.58,74,2,100,0,999,123,0,0,1,10
2024,42,53,0,3,2046.83,77,1,300,0,999,81,0,0,96862,23
2024,22,31,0,1,1119.26,11,1,200,0,999,1,0,99999999,96300,23
2024,12,36,36081,2,4520.58,27,1,200,3930,35,73,5,46000,146210,23
2024,33,48,0,3,7128.49,42,1,200,7330,40,92,5,15000,187530,23
2024,42,6,6067,2,3908.37,31,1,651,5510,40,81,5,10000,152720,23
2024,31,12,12069,3,4973.42,55,2,100,4920,40,73,0,130000,290001,23
2024,31,12,12086,3,3211.03,11,2,100,0,999,1,0,99999999,88000,23
2024,31,45,0,3,2174.52,80,2,100,0,999,50,0,0,80508,23
2024,33,48,0,3,7302.77,47,1,100,6515,40,73,5,0,15000,10
2024,32,21,21111,2,4169.62,64,2,100,0,999,92,0,0,12873,10
2024,31,13,13151,3,3117.66,71,1,200,4210,60,111,0,184000,304402,23
2024,21,17,0,4,2729.2,2,2,100,0,999,1,0,99999999,105040,23
2024,42,6,6037,3,1785.96,47,2,100,705,40,123,5,130000,235002,23
2024,21,18,18089,4,2868.73,44,2,100,5000,40,111,5,60000,170705,23
2024,33,40,0,0,1036.34,17,2,100,6050,997,60,1,18720,31768,22
2024,33,48,0,3,3325.92,43,2,200,700,40,81,5,30000,36000,23
2024,22,19,0,1,1511.83,4,1,100,0,999,1,0,99999999,55626,23
2024,12,36,36061,2,2263.68,21,1,100,0,999,73,3,0,20001,22
2024,12,36,36081,2,3678.69,51,2,651,0,999,60,5,0,241319,23
2024,32,28,0,1,1077.54,11,1,100,0,999,1,0,99999999,45596,22
2024,33,22,22033,2,1645.05,3,1,200,0,999,1,0,99999999,8800,10
2024,32,1,0,3,3050.68,27,2,100,800,40,123,5,87000,150400,23
2024,42,6,6073,3,5330.01,20,1,100,0,999,92,5,0,40010,23
2024,33,40,0,3,2205.49,60,1,100,9620,997,73,0,60000,61434,23
2024,33,5,0,4,986.3,40,2,200,5840,40,92,5,40000,90128,23
2024,33,48,0,3,2182.54,9,1,100,0,999,1,0,99999999,84600,23
2024,42,41,0,2,1723.16,48,1,100,4210,40,30,5,40000,50400,23
2024,31,12,0,3,2537.31,74,1,200,0,999,73,0,0,809335,23
2024,42,6,0,3,2661.74,16,1,100,0,999,60,1,0,76000,23
2024,31,54,0,1,767.08,47,2,100,3602,40,92,5,31000,31001,23
2024,32,1,1097,2,2380.31,63,1,100,3255,48,92,0,90000,104600,23
2024,33,48,48251,3,5671.81,10,2,100,0,999,1,0,99999999,68000,23
2024,41,56,0,4,302.34,6,1,801,0,999,1,0,99999999,16576,10
2024,21,39,0,3,2159.82,21,1,300,6330,40,73,5,0,195020,23
2024,41,8,0,2,2088.42,27,1,100,6305,70,111,5,100000,101582,23
2024,12,42,42043,4,2185.23,46,1,100,6260,40,20,5,10000,10000,10
2024,21,39,39025,3,2547.17,4,2,100,0,999,1,0,99999999,255100,23
2024,33,48,0,1,3496.84,67,2,100,0,999,123,0,0,21179,21
2024,41,30,0,1,481.81,9,2,100,0,999,1,0,99999999,263512,23
2024,12,36,0,2,2813.93,85,2,200,0,999,81,0,0,14579,10
2024,41,4,4013,2,2048.63,32,2,100,5110,40,81,5,48000,141001,23
2024,21,17,17111,3,4975.33,28,1,100,4760,12,111,5,22000,164311,23
2024,21,26,26125,3,2337.95,10,1,100,0,999,1,0,99999999,207455,23
2024,21,17,17097,3,2741.98,6,2,100,0,999,1,0,99999999,30002,10
2024,42,6,6037,2,4070.66,2,2,100,0,999,1,0,99999999,45000,23
2024,33,48,0,4,3368.61,1,2,100,0,999,1,0,99999999,43000,21
2024,12,36,36047,2,6568.22,71,1,100,2600,50,111,0,0,109184,23
2024,11,9,9009,3,2062.5,17,1,100,0,999,50,1,0,178104,23
2024,31,12,12113,3,3022.15,54,1,200,0,999,73,5,0,96046,23
2024,33,48,0,3,5356.47,65,2,100,4920,40,111,0,0,36601,23
2024,21,55,0,1,2691.02,17,1,100,0,999,60,1,2000,99571,23
2024,12,42,42029,3,2906.95,66,1,651,0,999,123,0,10000,240301,23
2024,41,35,0,1,559.05,14,2,100,0,999,1,0,99999999,84000,23
2024,42,6,6067,3,3604.83,85,2,100,0,999,73,0,0,66168,23
2024,11,25,25005,3,2337.4,85,2,100,0,999,73,0,0,6695,10
2024,33,48,0,2,2405.19,7,2,651,0,999,1,0,99999999,655600,23
2024,11,33,33015,3,1385.38,22,2,100,3603,997,81,3,14000,295954,23
2024,42,2,0,1,679.95,56,1,300,0,999,92,0,0,63733,23
2024,31,12,12086,3,3447.58,2,1,200,0,999,1,0,99999999,44252,10
2024,42,53,0,3,2865.07,6,2,100,0,999,1,0,99999999,190000,23
2024,11,44,0,3,1461.67,26,2,100,800,40,111,5,92000,93031,23
2024,11,9,9001,3,1521.53,7,1,100,0,999,1,0,99999999,351126,23
2024,11,23,0,3,1142.19,19,1,100,9620,40,73,5,30200,142605,23
2024,32,47,0,3,2730.1,74,2,100,0,999,81,0,0,63054,23
2024,12,36,36081,2,2878.86,2,2,651,0,999,1,0,99999999,120501,23
2024,41,30,0,1,466.06,23,2,100,5740,40,81,5,42000,83746,23
2024,42,6,6059,3,2168.57,49,1,100,3870,40,92,5,175000,262747,23
2024,33,48,0,3,2298.97,56,1,100,7200,999,91,0,75000,77410,23
2024,31,10,10003,4,542.77,6,1,100,0,999,1,0,99999999,275800,23
2024,31,11,11001,2,321.06,78,2,100,0,999,73,0,0,240789,23
2024,42,53,0,2,1839.17,10,1,100,0,999,1,0,99999999,42002,22
2024,33,48,0,3,2502.36,45,2,100,0,999,111,3,0,36004,23
2024,31,54,0,4,480.76,18,1,100,0,999,60,1,0,411000,23
2024,31,13,0,2,4215.36,31,2,802,4230,999,73,5,14000,14000,10
2024,42,6,0,3,4287.55,43,1,100,0,999,73,3,0,66042,23
2024,22,31,0,1,803.51,21,1,100,0,999,73,5,0,65060,22
2024,22,38,0,4,348.75,31,2,100,8990,50,73,5,39500,61101,23
2024,31,13,0,3,3105.78,42,2,200,20,40,92,5,121000,153043,23
2024,33,5,0,1,1493.07,67,1,100,0,999,73,0,0,20750,21
2024,21,17,0,3,2505.61,45,1,100,6200,40,91,5,120000,237552,23
2024,42,6,6081,2,2039.02,35,1,651,1760,40,125,5,145000,246612,23
2024,33,22,22073,4,1626.45,40,2,100,0,999,60,5,0,76001,23
2024,41,8,8123,4,1419.2,8,2,100,0,999,1,0,99999999,168002,23
2024,33,40,0,0,2275.51,51,1,100,7320,40,73,5,36000,72000,23
2024,42,2,0,2,283.84,15,2,802,0,999,50,0,0,150012,23
2024,12,34,34027,3,3245.47,10,2,100,0,999,1,0,99999999,649495,23
2024,33,48,0,3,2319.74,37,2,100,9720,20,73,5,2000,2001,10
2024,42,6,0,1,2684.59,72,2,300,4700,20,92,0,0,88545,23
2024,11,25,25017,3,2174.8,55,2,100,410,40,92,0,70100,81404,23
2024,21,55,0,4,4085.08,57,1,100,110,48,111,0,165000,398025,23
2024,11,9,9001,2,1354.32,19,1,651,5510,999,81,3,0,141500,23
2024,33,40,0,3,2458.68,45,1,100,205,50,91,5,0,80102,23
2024,42,41,0,1,2275.07,76,1,100,0,999,111,0,0,87104,23
2024,42,6,6077,3,1796.22,36,2,100,8800,40,73,5,40000,40000,23
2024,31,37,37119,3,4048.54,32,1,100,5000,50,111,5,35000,44481,23
2024,21,26,26145,4,2407.19,32,1,100,140,45,111,5,90000,155604,23
2024,31,37,37119,2,4130.54,33,1,100,3050,40,111,5,30000,432741,23
2024,42,53,0,3,4844.43,51,1,100,4251,40,20,5,28500,177610,23
2024,42,15,15003,3,510.74,6,2,803,0,999,1,0,99999999,172318,23
2024,42,6,6029,2,2280.56,43,1,100,4040,997,92,5,20000,33001,21
2024,12,34,34017,3,2737.17,35,2,100,5600,35,123,5,100000,195036,23
2024,31,37,37057,3,3106.81,10,1,200,0,999,1,0,99999999,23000,21
2024,33,48,0,3,3506.77,13,1,805,0,999,1,0,99999999,232041,23
2024,12,34,34003,3,2368.45,15,2,100,0,999,40,0,0,169000,23
2024,21,39,39153,3,4494.76,65,2,100,0,999,125,0,0,27850,23
2024,41,30,0,1,422.8,2,1,100,0,999,1,0,99999999,103083,23
2024,33,22,0,3,942.79,37,1,652,6330,30,73,5,0,30000,10
2024,21,26,0,1,3740.3,66,2,100,0,999,81,0,0,15179,21
2024,33,22,0,1,2108.41,28,2,100,3255,36,111,5,54000,87210,23
2024,33,48,0,2,4506.57,14,1,200,0,999,1,0,99999999,104880,23
2024,42,6,6053,2,3019.29,40,2,100,0,999,50,5,40000,60000,22
2024,33,22,0,2,1081.18,72,2,200,0,999,73,0,0,26040,23
2024,42,2,0,2,267.91,79,2,100,0,999,81,0,0,240751,23
2024,21,18,0,2,2014.67,31,1,100,8990,40,73,5,32000,78400,23
2024,22,31,31055,2,1409.52,78,2,100,0,999,50,0,0,42921,23
2024,21,17,0,4,4573.27,57,2,100,0,999,73,0,0,84750,23
2024,31,37,0,3,1990.5,6,2,100,0,999,1,0,99999999,9999999999,0
2024,42,41,0,4,1320.27,39,2,100,0,999,111,5,0,300052,23
2024,31,10,10003,4,334.89,43,2,100,705,40,73,5,16000,31980,23
2024,31,13,13135,3,2547.64,34,2,100,5400,40,73,4,31202,31202,21
2024,41,49,0,3,1110.35,46,2,100,350,997,81,5,130000,339512,23
2024,41,56,0,4,171.77,11,1,100,0,999,1,0,99999999,219701,23
2024,42,53,53061,2,3854.6,55,1,100,9610,999,73,0,1799,3600,10
2024,12,36,36081,2,2506.01,15,2,100,0,999,40,0,0,803477,23
2024,41,49,0,3,2324.61,3,1,100,0,999,1,0,99999999,104548,23
2024,22,19,0,1,2194.87,64,1,100,0,999,73,0,28000,40882,23
2024,31,54,0,4,698.61,66,1,100,4760,7,111,0,3000,15611,21
2024,33,5,0,3,637.84,52,2,100,9645,36,73,5,35000,39810,23
2024,32,28,0,2,1417.33,42,2,200,0,999,73,5,0,0,10
2024,41,16,0,3,937.79,16,1,100,0,999,50,1,0,191703,23
2024,33,48,0,2,2493.72,54,1,100,7340,40,71,5,50000,153901,23
2024,12,34,0,3,2808.93,53,1,100,20,50,73,5,600000,704678,23
2024,21,26,26163,2,2834.23,23,1,200,6260,999,73,5,47000,104793,23
2024,42,6,6037,3,2242.56,20,1,651,0,999,81,3,0,77000,23
2024,31,37,0,3,1923.07,64,1,200,0,999,73,0,0,16052,10
2024,21,55,0,2,1936.41,8,1,100,0,999,1,0,99999999,180171,23
2024,31,11,11001,2,779.84,31,2,200,3090,60,125,5,122000,122034,23
2024,21,39,0,1,2926.14,80,2,100,0,999,50,0,0,26472,23
2024,42,6,6073,2,7527.29,34,1,200,0,999,91,0,95000,206002,23
2024,31,13,0,1,4774.45,66,1,100,7210,38,60,0,7900,51819,23
2024,21,17,0,3,4501.65,53,1,100,0,999,73,5,0,99876,23
2024,33,48,0,3,3170.53,16,1,100,0,999,50,1,0,15500,10
2024,31,13,0,2,1608.44,13,2,100,0,999,1,0,99999999,136753,23
2024,42,6,6037,3,1875.89,75,2,100,4720,35,73,0,23000,37113,23
2024,12,34,0,3,3106.73,0,1,100,0,999,1,0,99999999,66102,23
2024,42,6,0,3,2583.56,16,1,100,0,999,50,1,2000,1042500,23
2024,21,39,0,1,1998.07,18,1,100,0,999,60,1,0,68000,23
2024,33,48,0,3,4738.05,42,1,100,230,55,123,5,90000,140027,23
2024,41,4,4013,2,2377.1,11,1,100,0,999,1,0,99999999,63065,23
2024,41,32,32003,3,1105.57,42,1,651,0,999,111,0,100000,101400,23
2024,12,36,36047,2,2968.37,39,2,100,0,999,123,5,4800,54800,23
2024,33,5,0,3,1050.56,4,1,100,0,999,1,0,99999999,100000,23
2024,21,39,0,3,4705.88,56,1,100,3423,40,111,0,95000,168200,23
2024,31,13,0,3,2876.34,31,1,100,8650,40,73,5,42000,79026,23
2024,41,4,4019,2,2802.37,0,1,100,0,999,1,0,99999999,221800,23
2024,42,53,0,3,5522.37,52,1,100,2100,50,124,5,80000,84177,23
2024,22,19,0,1,2452.52,38,1,100,3930,40,111,5,60000,61302,23
2024,41,30,0,1,575.18,60,1,100,4760,40,91,0,35000,96776,23
2024,42,2,0,1,648.96,32,2,100,2100,37,124,5,85000,210000,23
2024,12,42,42101,2,4604.95,78,2,100,0,999,123,0,0,58363,23
2024,41,56,0,1,237.14,15,2,100,4020,999,30,0,2000,114060,23
2024,33,5,0,3,1227.86,26,1,100,6230,40,60,5,30000,30000,23
2024,31,13,13135,3,3999.66,76,2,100,0,999,111,0,0,42971,23
2024,42,53,0,2,2043.35,80,1,651,0,999,111,0,0,43088,23
2024,31,13,13113,3,4201.88,64,2,100,5000,40,92,0,74000,74021,23
2024,11,33,33015,3,785.71,16,2,100,4760,20,60,1,0,119500,23
2024,33,22,22033,3,1572.0,51,2,200,3090,40,125,5,65000,66000,23
2024,22,38,0,4,306.6,5,1,100,0,999,1,0,99999999,161125,23
2024,41,30,0,4,675.26,22,2,100,3424,40,91,5,18000,18000,21
2024,31,51,0,4,2457.94,47,2,100,4120,36,73,5,98000,302588,23
2024,42,6,6037,3,3365.05,68,1,200,1720,40,111,0,150000,221914,23
2024,11,33,33011,2,895.56,36,2,651,420,50,81,5,40000,97200,23
2024,33,5,0,3,837.83,72,2,200,0,999,91,0,0,88530,23
2024,21,39,0,1,1988.57,2,1,100,0,999,1,0,99999999,165102,23
2024,41,32,32003,2,1639.62,80,1,300,6230,40,73,0,60000,80012,23
2024,41,8,8031,2,2389.57,76,2,100,4420,997,123,0,15000,72526,23
2024,31,12,0,2,3367.32,56,2,100,0,999,111,0,0,65000,23
2024,33,48,0,3,2308.02,10,2,100,0,999,1,0,99999999,95200,23
2024,42,6,6059,3,1875.63,69,1,100,0,999,81,0,0,132000,23
2024,33,22,22071,2,1450.95,35,2,100,51,45,81,5,54000,146387,23
2024,21,39,0,3,3543.27,58,2,100,2545,38,81,0,31000,105313,23
2024,42,6,0,3,1993.11,23,2,100,0,999,73,5,0,207200,23
2024,31,37,0,3,2012.6,43,1,100,4000,55,91,5,165000,181000,23
2024,21,55,0,1,1565.66,34,2,100,8990,40,73,5,50000,232430,23
2024,32,47,0,2,3016.85,40,2,100,4760,24,73,5,20000,60016,23
2024,31,13,0,3,3781.78,33,2,100,440,40,123,5,135000,266597,23
2024,12,42,42003,3,2700.33,50,2,200,5120,40,73,5,54000,119073,23
2024,12,36,36047,2,3041.13,16,2,100,0,999,60,5,0,35009,10
2024,42,6,6001,3,2377.34,10,2,651,0,999,1,0,99999999,80000,23
2024,42,6,6037,3,2313.92,18,2,100,0,999,81,3,0,133200,23
2024,33,22,0,3,2142.94,46,2,100,5350,40,73,5,42000,72010,23
2024,12,42,42091,3,4572.07,26,1,100,7640,40,91,5,28000,28011,23
2024,42,53,0,2,3410.18,24,2,651,3421,16,111,3,17400,17400,21
2024,21,26,26125,3,2025.46,85,2,200,0,999,10,0,0,38819,23
2024,31,51,0,4,5116.11,53,1,100,6230,40,111,5,95000,180222,23
2024,21,18,0,4,4924.46,25,2,100,3245,30,73,5,35000,45000,23
2024,42,6,6037,2,3167.01,62,1,200,0,999,81,0,0,800,10
2024,41,49,0,3,2136.52,58,1,100,2320,55,111,0,73000,172755,23
2024,31,45,45051,4,2887.79,59,1,100,0,999,73,0,0,56402,23
2024,33,22,0,1,901.23,65,1,200,0,999,50,0,0,11760,10
2024,11,25,25027,3,4166.16,39,1,100,5240,40,111,5,70000,105330,23
2024,42,6,6001,2,2385.89,13,2,100,0,999,1,0,99999999,573032,23
2024,22,29,0,1,2245.02,10,2,100,0,999,1,0,99999999,24000,10
2024,21,17,0,2,2415.32,55,1,100,2600,6,50,0,0,2000,10
2024,32,1,0,4,2040.11,26,2,100,5400,40,81,5,26000,26000,21
2024,42,6,0,3,2216.44,34,2,100,0,999,124,5,0,314974,23
2024,22,27,0,4,2656.63,38,1,651,9620,30,81,5,25000,25000,23
2024,42,2,0,2,603.37,54,1,100,2205,50,125,5,100000,284632,23
2024,11,33,33011,2,798.49,80,2,100,0,999,111,0,0,18888,22
2024,42,15,15003,3,558.58,46,2,802,3402,84,91,5,59000,474954,23
2024,31,12,0,3,4434.06,9,1,100,0,999,1,0,99999999,157000,23
2024,12,36,36047,2,4506.45,25,2,200,0,999,81,3,0,80800,23
2024,41,16,0,4,1170.05,23,1,100,9620,40,73,5,37440,37442,23
2024,22,31,0,1,1163.17,43,2,100,2310,40,123,5,76000,172585,23
2024,31,54,0,4,697.28,80,2,100,0,999,73,0,0,12412,10
2024,42,41,0,3,1902.39,51,1,100,0,999,73,5,0,71500,23
2024,42,6,0,3,2120.19,4,2,100,0,999,1,0,99999999,77980,23
2024,41,30,30111,4,416.73,2,1,100,0,999,1,0,99999999,80125,23
2024,42,53,0,3,2615.07,63,1,803,0,999,111,0,91663,140403,23
2024,31,12,12086,3,2409.24,51,2,100,0,999,81,5,12600,24000,10
2024,31,10,10001,4,355.31,70,2,100,0,999,73,0,0,55860,23
2024,42,6,6037,2,2606.44,35,1,100,9620,40,81,5,40000,148800,23
2024,32,1,0,2,1097.37,8,1,100,0,999,1,0,99999999,108067,23
2024,33,48,0,1,3002.62,9,1,100,0,999,1,0,99999999,96000,23
2024,21,55,0,3,2963.89,35,1,100,220,40,73,5,100000,190006,23
2024,12,36,36103,3,2398.32,31,1,100,6410,997,73,5,70000,70115,23
2024,32,28,0,3,1858.24,50,2,200,2310,40,111,5,36000,38500,23
2024,31,12,12099,3,2363.39,85,2,100,4230,997,73,0,40000,130378,23
2024,31,12,12083,4,4550.81,14,2,200,0,999,1,0,99999999,26000,10
